Name,Type,POS,PA,AVG,OPS,TB,HR,RBI,R,SB,ERA,WHIP,IP,QS,K,SV,HLD
Corbin Carroll,hit,CF,611,0.261,0.848,265,27,86,91,33,0,0,0,0,0,0,0
Ketel Marte,hit,2B,601,0.28,0.86,259,26,79,90,6,0,0,0,0,0,0,0
Geraldo Perdomo,hit,SS,562,0.27,0.777,197,12,55,77,19,0,0,0,0,0,0,0
Gabriel Moreno,hit,C,405,0.28,0.781,152,10,50,48,4,0,0,0,0,0,0,0
Nolan Arenado,hit,3B,514,0.257,0.729,196,16,63,57,3,0,0,0,0,0,0,0
Alek Thomas,hit,CF,305,0.246,0.686,111,8,34,34,6,0,0,0,0,0,0,0
Lourdes Gurriel Jr.,hit,LF,332,0.268,0.75,133,11,43,39,5,0,0,0,0,0,0,0
Pavin Smith,hit,1B,357,0.237,0.726,120,10,40,41,3,0,0,0,0,0,0,0
Blaze Alexander,hit,SS,337,0.229,0.67,108,8,34,36,6,0,0,0,0,0,0,0
Ryan Waldschmidt,hit,1B,137,0.247,0.72,46,3,14,16,3,0,0,0,0,0,0,0
James McCann,hit,C,162,0.242,0.679,58,5,18,17,1,0,0,0,0,0,0,0
Jordan Lawlar,hit,SS,103,0.241,0.698,35,2,11,12,3,0,0,0,0,0,0,0
Tyler Locklear,hit,1B,258,0.24,0.714,92,8,29,29,5,0,0,0,0,0,0,0
Tommy Troy,hit,3B,43,0.246,0.68,15,1,4,5,1,0,0,0,0,0,0,0
Tim Tawa,hit,2B,105,0.229,0.678,35,3,12,12,2,0,0,0,0,0,0,0
Ildemaro Vargas,hit,2B,76,0.262,0.687,26,1,8,8,1,0,0,0,0,0,0,0
Jorge Barrosa,hit,CF,120,0.231,0.647,37,2,11,12,2,0,0,0,0,0,0,0
A.J. Vukovich,hit,OF,54,0.242,0.698,20,2,6,6,0,0,0,0,0,0,0,0
Adrian Del Castillo,hit,C,235,0.237,0.706,84,7,27,25,1,0,0,0,0,0,0,0
Kristian Robinson,hit,CF,44,0.213,0.64,13,1,4,5,1,0,0,0,0,0,0,0
LuJames Groover,hit,2B,5,0.262,0.718,1,0,1,1,0,0,0,0,0,0,0,0
Luken Baker,hit,1B,53,0.213,0.686,18,2,6,6,0,0,0,0,0,0,0,0
Jacob Amaya,hit,SS,12,0.212,0.606,2,0,1,1,0,0,0,0,0,0,0,0
Jacob Wilson,hit,SS,472,0.3,0.793,193,11,55,56,5,0,0,0,0,0,0,0
Nick Kurtz,hit,1B,493,0.258,0.886,225,31,71,78,4,0,0,0,0,0,0,0
Shea Langeliers,hit,C,492,0.25,0.795,218,27,71,68,5,0,0,0,0,0,0,0
Brent Rooker,hit,LF,608,0.258,0.82,260,30,91,82,5,0,0,0,0,0,0,0
Tyler Soderstrom,hit,1B,463,0.259,0.804,197,22,67,60,5,0,0,0,0,0,0,0
Jeff McNeil,hit,2B,491,0.264,0.741,177,11,55,55,3,0,0,0,0,0,0,0
Lawrence Butler,hit,RF,480,0.245,0.747,186,19,58,60,16,0,0,0,0,0,0,0
Max Muncy,hit,3B,300,0.239,0.688,108,9,34,32,3,0,0,0,0,0,0,0
Darell Hernaiz,hit,SS,168,0.264,0.7,56,2,16,18,3,0,0,0,0,0,0,0
Denzel Clarke,hit,CF,278,0.226,0.656,91,6,27,31,9,0,0,0,0,0,0,0
Colby Thomas,hit,OF,219,0.239,0.713,85,8,27,25,3,0,0,0,0,0,0,0
Austin Wynns,hit,C,107,0.231,0.66,35,3,11,11,1,0,0,0,0,0,0,0
Zack Gelof,hit,2B,140,0.222,0.678,49,5,16,16,4,0,0,0,0,0,0,0
Brett Harris,hit,3B,164,0.233,0.68,52,4,16,18,2,0,0,0,0,0,0,0
Carlos Cortes,hit,OF,126,0.24,0.721,45,4,15,15,1,0,0,0,0,0,0,0
Max Schuemann,hit,2B,119,0.226,0.645,35,2,10,13,3,0,0,0,0,0,0,0
Leo De Vries,hit,SS,43,0.226,0.664,14,1,4,5,1,0,0,0,0,0,0,0
Michael Stefanic,hit,2B,23,0.265,0.704,6,0,2,3,0,0,0,0,0,0,0,0
Shane McGuire,hit,C,28,0.209,0.601,6,0,2,3,0,0,0,0,0,0,0,0
Jordan Diaz,hit,3B,15,0.248,0.696,4,0,2,2,0,0,0,0,0,0,0,0
Bryan Lavastida,hit,C,4,0.218,0.631,1,0,0,0,0,0,0,0,0,0,0,0
Junior Perez,hit,OF,54,0.207,0.643,15,1,5,6,2,0,0,0,0,0,0,0
Cooper Bowman,hit,2B,9,0.216,0.615,2,0,1,1,0,0,0,0,0,0,0,0
Cade Marlowe,hit,CF,8,0.212,0.628,2,0,1,1,0,0,0,0,0,0,0,0
Brian Serven,hit,C,11,0.185,0.539,2,0,1,1,0,0,0,0,0,0,0,0
Brennan Milone,hit,OF,19,0.226,0.664,5,0,2,2,0,0,0,0,0,0,0,0
Joey Meneses,hit,1B,69,0.246,0.677,25,2,8,7,0,0,0,0,0,0,0,0
Ronald Acuña Jr.,hit,RF,676,0.285,0.891,287,31,85,110,24,0,0,0,0,0,0,0
Matt Olson,hit,1B,654,0.256,0.827,271,31,91,94,1,0,0,0,0,0,0,0
Michael Harris II,hit,CF,485,0.275,0.775,212,19,66,61,15,0,0,0,0,0,0,0
Austin Riley,hit,3B,601,0.26,0.785,250,26,85,77,3,0,0,0,0,0,0,0
Drake Baldwin,hit,C,457,0.268,0.787,183,17,63,57,1,0,0,0,0,0,0,0
Ozzie Albies,hit,2B,546,0.258,0.739,209,17,66,64,10,0,0,0,0,0,0,0
Ha-Seong Kim,hit,SS,476,0.245,0.709,158,11,49,57,18,0,0,0,0,0,0,0
Jurickson Profar,hit,LF,602,0.254,0.761,214,18,70,77,9,0,0,0,0,0,0,0
Sean Murphy,hit,C,315,0.219,0.711,110,12,38,36,1,0,0,0,0,0,0,0
Mike Yastrzemski,hit,RF,371,0.23,0.729,133,13,43,44,4,0,0,0,0,0,0,0
Mauricio Dubón,hit,2B,240,0.263,0.677,83,4,25,25,2,0,0,0,0,0,0,0
Nacho Alvarez Jr.,hit,3B,59,0.24,0.659,17,1,5,6,1,0,0,0,0,0,0,0
Chadwick Tromp,hit,C,46,0.209,0.593,14,1,4,4,0,0,0,0,0,0,0,0
Eli White,hit,CF,88,0.234,0.664,30,2,9,10,3,0,0,0,0,0,0,0
Luke Waddell,hit,SS,3,0.226,0.605,1,0,0,0,0,0,0,0,0,0,0,0
Jair Camargo,hit,C,4,0.201,0.594,1,0,0,0,0,0,0,0,0,0,0,0
Brewer Hicklen,hit,OF,12,0.203,0.632,2,0,1,1,0,0,0,0,0,0,0,0
Carter Howell,hit,OF,11,0.222,0.606,2,0,1,1,0,0,0,0,0,0,0,0
Ben Gamel,hit,LF,9,0.222,0.666,2,0,1,1,0,0,0,0,0,0,0,0
Aaron Schunk,hit,3B,13,0.229,0.619,4,0,1,1,0,0,0,0,0,0,0,0
DaShawn Keirsey Jr.,hit,CF,13,0.224,0.622,3,0,1,1,1,0,0,0,0,0,0,0
José Azocar,hit,OF,11,0.235,0.617,2,0,1,1,0,0,0,0,0,0,0,0
Cal Conley,hit,SS,9,0.203,0.521,2,0,1,1,0,0,0,0,0,0,0,0
Gunnar Henderson,hit,SS,626,0.274,0.844,266,26,87,89,21,0,0,0,0,0,0,0
Adley Rutschman,hit,C,539,0.255,0.763,198,17,64,67,1,0,0,0,0,0,0,0
Jordan Westburg,hit,3B,552,0.264,0.786,235,23,72,75,5,0,0,0,0,0,0,0
Pete Alonso,hit,1B,640,0.254,0.83,277,35,101,87,3,0,0,0,0,0,0,0
Jackson Holliday,hit,SS,494,0.251,0.737,174,14,48,66,14,0,0,0,0,0,0,0
Taylor Ward,hit,LF,590,0.244,0.764,226,24,75,73,5,0,0,0,0,0,0,0
Colton Cowser,hit,CF,446,0.23,0.725,161,17,54,53,11,0,0,0,0,0,0,0
Dylan Beavers,hit,OF,315,0.243,0.738,107,9,35,36,8,0,0,0,0,0,0,0
Samuel Basallo,hit,C,325,0.24,0.745,126,14,42,41,3,0,0,0,0,0,0,0
Tyler O'Neill,hit,RF,346,0.233,0.748,130,15,46,43,3,0,0,0,0,0,0,0
Jeremiah Jackson,hit,SS,213,0.246,0.692,82,7,25,25,4,0,0,0,0,0,0,0
Leody Taveras,hit,CF,126,0.245,0.687,44,3,14,14,5,0,0,0,0,0,0,0
Ryan Mountcastle,hit,1B,151,0.253,0.722,57,5,19,17,1,0,0,0,0,0,0,0
Coby Mayo,hit,3B,60,0.231,0.726,21,2,7,7,1,0,0,0,0,0,0,0
Enrique Bradfield Jr.,hit,CF,49,0.228,0.627,15,1,4,5,3,0,0,0,0,0,0,0
Jhonkensy Noel,hit,OF,63,0.232,0.725,24,3,9,7,0,0,0,0,0,0,0,0
Heston Kjerstad,hit,OF,54,0.233,0.689,19,2,6,6,0,0,0,0,0,0,0,0
Marco Luciano,hit,SS,18,0.202,0.625,4,0,2,2,0,0,0,0,0,0,0,0
Maverick Handley,hit,C,17,0.199,0.58,4,0,1,2,0,0,0,0,0,0,0,0
Sam Huff,hit,C,8,0.208,0.619,2,0,1,1,0,0,0,0,0,0,0,0
Luis Vázquez,hit,SS,7,0.231,0.644,1,0,1,1,0,0,0,0,0,0,0,0
Jud Fabian,hit,CF,23,0.188,0.604,8,1,2,2,0,0,0,0,0,0,0,0
Payton Eeles,hit,2B,2,0.233,0.65,0,0,0,0,0,0,0,0,0,0,0,0
Silas Ardoin,hit,C,4,0.195,0.574,1,0,0,0,0,0,0,0,0,0,0,0
José Barrero,hit,SS,35,0.202,0.592,10,1,3,3,1,0,0,0,0,0,0,0
Frederick Bencosme,hit,SS,11,0.221,0.601,2,0,1,1,0,0,0,0,0,0,0,0
Ryan Noda,hit,1B,19,0.184,0.65,7,1,2,2,0,0,0,0,0,0,0,0
Will Robertson,hit,OF,4,0.206,0.636,1,0,0,0,0,0,0,0,0,0,0,0
Willy Vasquez,hit,OF,4,0.223,0.611,1,0,0,0,0,0,0,0,0,0,0,0
TT Bowens,hit,OF,3,0.206,0.611,0,0,0,0,0,0,0,0,0,0,0,0
Ceddanne Rafaela,hit,CF,510,0.257,0.723,202,16,61,60,18,0,0,0,0,0,0,0
Roman Anthony,hit,CF,511,0.263,0.802,189,15,51,72,8,0,0,0,0,0,0,0
Jarren Duran,hit,CF,577,0.258,0.761,224,15,65,74,20,0,0,0,0,0,0,0
Carlos Narváez,hit,C,361,0.231,0.701,123,11,39,39,3,0,0,0,0,0,0,0
Wilyer Abreu,hit,RF,423,0.249,0.787,168,18,56,54,7,0,0,0,0,0,0,0
Marcelo Mayer,hit,SS,411,0.251,0.724,156,12,48,44,5,0,0,0,0,0,0,0
Willson Contreras,hit,C,456,0.248,0.784,179,19,61,57,4,0,0,0,0,0,0,0
Trevor Story,hit,SS,437,0.247,0.711,167,15,51,53,15,0,0,0,0,0,0,0
Romy Gonzalez,hit,2B,326,0.272,0.756,132,10,40,38,8,0,0,0,0,0,0,0
Triston Casas,hit,1B,173,0.241,0.783,64,7,23,21,1,0,0,0,0,0,0,0
Kristian Campbell,hit,2B,130,0.249,0.721,43,3,14,14,2,0,0,0,0,0,0,0
Connor Wong,hit,C,232,0.241,0.673,79,5,24,24,4,0,0,0,0,0,0,0
David Hamilton,hit,2B,130,0.227,0.663,42,3,13,15,11,0,0,0,0,0,0,0
Masataka Yoshida,hit,LF,179,0.279,0.766,69,5,21,21,2,0,0,0,0,0,0,0
Nick Sogard,hit,2B,205,0.24,0.662,58,2,18,20,4,0,0,0,0,0,0,0
Tristan Gray,hit,OF,46,0.221,0.662,14,1,5,5,0,0,0,0,0,0,0,0
Jason Delay,hit,C,23,0.221,0.584,6,0,2,2,0,0,0,0,0,0,0,0
Vinny Capra,hit,2B,11,0.234,0.649,2,0,1,1,0,0,0,0,0,0,0,0
Nate Eaton,hit,OF,125,0.235,0.651,42,3,12,13,4,0,0,0,0,0,0,0
Alex Bregman,hit,3B,638,0.26,0.783,244,23,77,85,3,0,0,0,0,0,0,0
Pete Crow-Armstrong,hit,CF,500,0.252,0.752,209,21,68,63,27,0,0,0,0,0,0,0
Nico Hoerner,hit,2B,563,0.285,0.73,200,8,56,65,24,0,0,0,0,0,0,0
Dansby Swanson,hit,SS,524,0.241,0.706,189,17,60,58,12,0,0,0,0,0,0,0
Seiya Suzuki,hit,RF,582,0.254,0.788,234,24,80,74,7,0,0,0,0,0,0,0
Michael Busch,hit,1B,506,0.248,0.801,206,23,63,70,3,0,0,0,0,0,0,0
Ian Happ,hit,LF,630,0.24,0.754,224,21,73,79,8,0,0,0,0,0,0,0
Carson Kelly,hit,C,325,0.236,0.708,114,11,37,36,1,0,0,0,0,0,0,0
Miguel Amaya,hit,C,259,0.24,0.695,90,7,29,29,2,0,0,0,0,0,0,0
Matt Shaw,hit,3B,192,0.243,0.724,69,6,22,23,7,0,0,0,0,0,0,0
Moisés Ballesteros,hit,C,274,0.266,0.738,101,7,31,31,1,0,0,0,0,0,0,0
Tyler Austin,hit,1B,250,0.248,0.744,99,10,31,30,1,0,0,0,0,0,0,0
Jonathon Long,hit,1B,37,0.246,0.717,12,1,4,4,0,0,0,0,0,0,0,0
Kevin Alcántara,hit,CF,88,0.228,0.655,28,2,9,9,1,0,0,0,0,0,0,0
James Triantos,hit,2B,35,0.241,0.625,10,0,3,4,1,0,0,0,0,0,0,0
Christian Bethancourt,hit,C,8,0.205,0.577,2,0,1,1,0,0,0,0,0,0,0,0
Scott Kingery,hit,2B,9,0.209,0.592,2,0,1,1,0,0,0,0,0,0,0,0
Ben Cowles,hit,SS,29,0.214,0.589,7,0,2,3,1,0,0,0,0,0,0,0
Justin Dean,hit,OF,51,0.205,0.574,14,1,4,5,2,0,0,0,0,0,0,0
Chase Meidroth,hit,2B,507,0.261,0.726,162,9,41,63,13,0,0,0,0,0,0,0
Colson Montgomery,hit,SS,508,0.221,0.717,190,23,66,58,3,0,0,0,0,0,0,0
Munetaka Murakami,hit,3B,548,0.231,0.791,216,30,75,68,9,0,0,0,0,0,0,0
Miguel Vargas,hit,3B,489,0.238,0.735,171,15,57,56,6,0,0,0,0,0,0,0
Kyle Teel,hit,C,410,0.248,0.726,139,11,41,49,5,0,0,0,0,0,0,0
Luis Robert Jr.,hit,CF,493,0.238,0.712,186,19,59,57,26,0,0,0,0,0,0,0
Brooks Baldwin,hit,SS,263,0.252,0.718,101,9,30,30,6,0,0,0,0,0,0,0
Andrew Benintendi,hit,LF,444,0.254,0.73,163,14,52,49,3,0,0,0,0,0,0,0
Edgar Quero,hit,C,369,0.259,0.723,128,9,39,39,1,0,0,0,0,0,0,0
Lenyn Sosa,hit,2B,316,0.254,0.705,123,11,38,34,2,0,0,0,0,0,0,0
Everson Pereira,hit,CF,215,0.22,0.679,75,8,24,23,4,0,0,0,0,0,0,0
Curtis Mead,hit,2B,76,0.249,0.693,27,2,8,8,1,0,0,0,0,0,0,0
Derek Hill,hit,CF,122,0.238,0.665,41,3,13,12,3,0,0,0,0,0,0,0
Drew Romo,hit,C,42,0.226,0.63,14,1,4,4,0,0,0,0,0,0,0,0
Korey Lee,hit,C,109,0.219,0.627,35,3,11,11,1,0,0,0,0,0,0,0
Bryan Ramos,hit,3B,53,0.211,0.63,18,2,5,5,1,0,0,0,0,0,0,0
Tristan Peters,hit,OF,48,0.225,0.646,15,1,4,5,1,0,0,0,0,0,0,0
Jarred Kelenic,hit,LF,148,0.221,0.663,53,5,15,16,3,0,0,0,0,0,0,0
Dustin Harris,hit,OF,17,0.232,0.663,5,0,2,2,1,0,0,0,0,0,0,0
Oliver Dunn,hit,3B,13,0.2,0.6,2,0,1,1,0,0,0,0,0,0,0,0
Tim Elko,hit,1B,35,0.233,0.678,12,1,4,4,0,0,0,0,0,0,0,0
Wilfred Veras,hit,OF,11,0.219,0.617,2,0,1,1,0,0,0,0,0,0,0,0
Braden Montgomery,hit,OF,148,0.226,0.638,46,3,14,15,2,0,0,0,0,0,0,0
Tanner Murray,hit,2B,122,0.225,0.607,38,2,11,11,1,0,0,0,0,0,0,0
Elly De La Cruz,hit,SS,617,0.264,0.807,254,23,82,83,38,0,0,0,0,0,0,0
TJ Friedl,hit,CF,512,0.25,0.736,176,14,48,67,10,0,0,0,0,0,0,0
Matt McLain,hit,2B,438,0.235,0.709,150,13,48,51,12,0,0,0,0,0,0,0
Sal Stewart,hit,3B,440,0.272,0.793,180,16,58,54,7,0,0,0,0,0,0,0
Ke'Bryan Hayes,hit,3B,456,0.25,0.676,153,9,45,48,10,0,0,0,0,0,0,0
Spencer Steer,hit,1B,555,0.239,0.747,204,20,70,66,9,0,0,0,0,0,0,0
Jose Trevino,hit,C,200,0.25,0.691,73,6,22,21,1,0,0,0,0,0,0,0
Noelvi Marte,hit,3B,458,0.256,0.739,179,16,54,57,13,0,0,0,0,0,0,0
JJ Bleday,hit,CF,329,0.233,0.754,123,13,41,39,3,0,0,0,0,0,0,0
Tyler Stephenson,hit,C,398,0.235,0.707,138,12,44,42,1,0,0,0,0,0,0,0
Santiago Espinal,hit,2B,186,0.259,0.665,58,2,17,19,2,0,0,0,0,0,0,0
Dane Myers,hit,OF,185,0.246,0.684,63,5,19,20,7,0,0,0,0,0,0,0
Will Benson,hit,RF,219,0.222,0.714,77,8,25,26,5,0,0,0,0,0,0,0
Ben Rortvedt,hit,C,73,0.208,0.616,22,2,7,7,0,0,0,0,0,0,0,0
Christian Encarnacion-Strand,hit,1B,144,0.246,0.732,58,6,19,16,1,0,0,0,0,0,0,0
Héctor Rodríguez,hit,OF,41,0.252,0.697,15,1,5,5,1,0,0,0,0,0,0,0
Tyler Callihan,hit,OF,101,0.225,0.638,31,2,10,10,3,0,0,0,0,0,0,0
Blake Dunn,hit,OF,51,0.226,0.648,15,1,5,5,1,0,0,0,0,0,0,0
Rece Hinds,hit,OF,59,0.231,0.707,22,2,7,7,1,0,0,0,0,0,0,0
Austin Hendrick,hit,OF,6,0.198,0.587,1,0,1,1,0,0,0,0,0,0,0,0
Garrett Hampson,hit,2B,63,0.221,0.597,19,1,5,6,2,0,0,0,0,0,0,0
P.J. Higgins,hit,C,17,0.225,0.61,4,0,2,2,0,0,0,0,0,0,0,0
Michael Toglia,hit,1B,80,0.204,0.68,27,3,10,9,1,0,0,0,0,0,0,0
José Ramírez,hit,3B,604,0.275,0.838,264,27,87,83,30,0,0,0,0,0,0,0
Steven Kwan,hit,LF,594,0.278,0.749,209,11,51,77,17,0,0,0,0,0,0,0
Bo Naylor,hit,C,406,0.22,0.712,145,16,48,46,4,0,0,0,0,0,0,0
Chase DeLauter,hit,OF,497,0.251,0.732,178,14,57,55,3,0,0,0,0,0,0,0
Brayan Rocchio,hit,SS,402,0.242,0.692,134,8,40,44,10,0,0,0,0,0,0,0
Kyle Manzardo,hit,1B,445,0.236,0.773,176,21,62,55,2,0,0,0,0,0,0,0
Gabriel Arias,hit,SS,372,0.229,0.657,129,10,38,36,8,0,0,0,0,0,0,0
C.J. Kayfus,hit,1B,301,0.239,0.722,108,9,34,32,3,0,0,0,0,0,0,0
Austin Hedges,hit,C,110,0.195,0.576,31,3,10,10,2,0,0,0,0,0,0,0
Angel Martínez,hit,2B,187,0.239,0.67,64,4,19,20,3,0,0,0,0,0,0,0
George Valera,hit,CF,335,0.227,0.714,121,13,37,41,2,0,0,0,0,0,0,0
Juan Brito,hit,2B,120,0.23,0.683,39,3,12,13,2,0,0,0,0,0,0,0
Johnathan Rodríguez,hit,OF,174,0.246,0.729,65,6,20,19,1,0,0,0,0,0,0,0
Travis Bazzana,hit,2B,175,0.215,0.643,51,3,16,18,3,0,0,0,0,0,0,0
Daniel Schneemann,hit,2B,202,0.217,0.648,64,5,19,21,4,0,0,0,0,0,0,0
Nolan Jones,hit,LF,107,0.229,0.696,34,3,11,12,2,0,0,0,0,0,0,0
David Fry,hit,OF,211,0.224,0.684,72,7,24,23,2,0,0,0,0,0,0,0
Kahlil Watson,hit,SS,45,0.21,0.638,13,1,5,5,1,0,0,0,0,0,0,0
Cooper Ingle,hit,C,11,0.231,0.687,3,0,1,1,0,0,0,0,0,0,0,0
Stuart Fairchild,hit,CF,52,0.225,0.658,16,1,5,5,2,0,0,0,0,0,0,0
Petey Halpin,hit,OF,45,0.213,0.604,14,1,4,4,1,0,0,0,0,0,0,0
Dom Nuñez,hit,C,17,0.168,0.539,3,0,1,1,0,0,0,0,0,0,0,0
Ezequiel Tovar,hit,SS,625,0.262,0.745,257,21,69,80,11,0,0,0,0,0,0,0
Hunter Goodman,hit,OF,469,0.255,0.791,211,24,70,60,2,0,0,0,0,0,0,0
Brenton Doyle,hit,CF,489,0.245,0.704,183,16,55,54,17,0,0,0,0,0,0,0
Willi Castro,hit,2B,496,0.251,0.722,176,12,52,54,13,0,0,0,0,0,0,0
Tyler Freeman,hit,2B,302,0.277,0.75,105,5,28,37,12,0,0,0,0,0,0,0
Adael Amador,hit,2B,225,0.25,0.715,77,5,23,26,8,0,0,0,0,0,0,0
Kyle Karros,hit,1B,194,0.263,0.73,70,4,20,21,2,0,0,0,0,0,0,0
Ryan Ritter,hit,SS,207,0.247,0.706,74,5,22,23,3,0,0,0,0,0,0,0
Jake McCarthy,hit,CF,301,0.27,0.737,111,6,32,34,11,0,0,0,0,0,0,0
Mickey Moniak,hit,CF,394,0.258,0.762,168,16,51,50,8,0,0,0,0,0,0,0
Jordan Beck,hit,OF,437,0.249,0.727,163,13,52,51,13,0,0,0,0,0,0,0
Braxton Fulford,hit,C,199,0.24,0.708,72,6,22,22,2,0,0,0,0,0,0,0
Sterlin Thompson,hit,OF,50,0.255,0.731,16,1,5,6,1,0,0,0,0,0,0,0
Nicky Lopez,hit,2B,60,0.255,0.648,16,0,4,6,1,0,0,0,0,0,0,0
Blaine Crim,hit,1B,180,0.249,0.738,68,6,21,21,1,0,0,0,0,0,0,0
Zac Veen,hit,OF,112,0.249,0.707,41,3,12,13,3,0,0,0,0,0,0,0
Vimael Machín,hit,2B,26,0.249,0.685,10,1,3,3,0,0,0,0,0,0,0,0
Brett Sullivan,hit,C,32,0.231,0.65,11,1,3,3,0,0,0,0,0,0,0,0
Drew Avans,hit,OF,18,0.24,0.652,5,0,2,2,1,0,0,0,0,0,0,0
Troy Johnston,hit,1B,235,0.255,0.72,86,6,27,26,7,0,0,0,0,0,0,0
Yanquiel Fernández,hit,OF,113,0.257,0.731,44,4,14,13,0,0,0,0,0,0,0,0
Charlie Condon,hit,OF,173,0.242,0.713,62,5,19,19,1,0,0,0,0,0,0,0
Kris Bryant,hit,RF,103,0.239,0.695,35,3,11,11,1,0,0,0,0,0,0,0
Gleyber Torres,hit,2B,637,0.26,0.752,227,18,66,80,5,0,0,0,0,0,0,0
Riley Greene,hit,CF,582,0.261,0.8,245,26,82,73,3,0,0,0,0,0,0,0
Dillon Dingler,hit,C,329,0.245,0.709,120,10,38,35,1,0,0,0,0,0,0,0
Colt Keith,hit,2B,484,0.262,0.765,183,15,52,62,4,0,0,0,0,0,0,0
Parker Meadows,hit,CF,431,0.228,0.683,146,11,43,49,12,0,0,0,0,0,0,0
Kerry Carpenter,hit,LF,419,0.254,0.783,179,20,60,53,2,0,0,0,0,0,0,0
Spencer Torkelson,hit,1B,577,0.228,0.745,214,24,73,68,2,0,0,0,0,0,0,0
Kevin McGonigle,hit,SS,202,0.255,0.75,72,5,22,24,4,0,0,0,0,0,0,0
Jake Rogers,hit,C,190,0.212,0.652,63,6,21,20,1,0,0,0,0,0,0,0
Wenceel Pérez,hit,OF,428,0.24,0.703,152,11,46,46,9,0,0,0,0,0,0,0
Zach McKinstry,hit,2B,368,0.234,0.68,122,7,36,38,12,0,0,0,0,0,0,0
Matt Vierling,hit,OF,257,0.242,0.681,87,6,25,28,3,0,0,0,0,0,0,0
Javier Báez,hit,SS,244,0.238,0.652,84,6,26,25,3,0,0,0,0,0,0,0
Jahmai Jones,hit,OF,146,0.238,0.733,51,4,15,18,3,0,0,0,0,0,0,0
Jace Jung,hit,3B,65,0.216,0.668,21,2,6,7,0,0,0,0,0,0,0,0
Trey Sweeney,hit,SS,87,0.22,0.637,26,2,8,9,2,0,0,0,0,0,0,0
Eduardo Valencia,hit,OF,38,0.233,0.673,12,1,4,4,0,0,0,0,0,0,0,0
Hao-Yu Lee,hit,2B,45,0.227,0.656,14,1,4,5,1,0,0,0,0,0,0,0
Trei Cruz,hit,SS,41,0.211,0.631,12,1,3,4,1,0,0,0,0,0,0,0
Max Anderson,hit,2B,37,0.249,0.666,14,1,4,4,0,0,0,0,0,0,0,0
Tomás Nido,hit,C,32,0.222,0.588,11,1,3,3,0,0,0,0,0,0,0,0
Josue Briceño,hit,1B,6,0.225,0.678,1,0,1,1,0,0,0,0,0,0,0,0
Gage Workman,hit,3B,16,0.204,0.621,4,0,1,2,0,0,0,0,0,0,0,0
Max Clark,hit,CF,2,0.235,0.693,0,0,0,0,0,0,0,0,0,0,0,0
Justice Bigbie,hit,OF,15,0.242,0.657,4,0,1,2,0,0,0,0,0,0,0,0
Chris Meyers,hit,OF,9,0.226,0.654,2,0,1,1,0,0,0,0,0,0,0,0
Ben Malgeri,hit,OF,4,0.226,0.647,1,0,0,0,0,0,0,0,0,0,0,0
Yordan Alvarez,hit,LF,553,0.3,0.954,263,30,84,90,4,0,0,0,0,0,0,0
Jeremy Peña,hit,SS,600,0.272,0.755,235,18,64,79,16,0,0,0,0,0,0,0
Carlos Correa,hit,SS,486,0.267,0.769,189,16,62,59,1,0,0,0,0,0,0,0
Jose Altuve,hit,2B,589,0.266,0.765,228,20,72,75,12,0,0,0,0,0,0,0
Yainer Diaz,hit,C,481,0.273,0.761,205,19,66,56,2,0,0,0,0,0,0,0
Isaac Paredes,hit,3B,420,0.247,0.798,161,18,55,57,1,0,0,0,0,0,0,0
Jake Meyers,hit,CF,398,0.253,0.705,138,9,42,45,11,0,0,0,0,0,0,0
Jesús Sánchez,hit,LF,385,0.25,0.756,152,15,48,47,9,0,0,0,0,0,0,0
Christian Walker,hit,1B,548,0.23,0.734,210,25,75,66,3,0,0,0,0,0,0,0
Cam Smith,hit,3B,332,0.242,0.708,117,9,36,37,5,0,0,0,0,0,0,0
César Salazar,hit,C,143,0.205,0.614,40,3,13,14,1,0,0,0,0,0,0,0
Nick Allen,hit,SS,147,0.235,0.622,43,2,12,15,4,0,0,0,0,0,0,0
Zach Cole,hit,OF,256,0.213,0.668,87,8,29,28,6,0,0,0,0,0,0,0
Chas McCormick,hit,CF,144,0.232,0.675,47,4,15,16,5,0,0,0,0,0,0,0
Brice Matthews,hit,SS,43,0.216,0.667,12,1,5,5,2,0,0,0,0,0,0,0
Zach Dezenzo,hit,3B,91,0.235,0.689,32,3,10,10,1,0,0,0,0,0,0,0
Shay Whitcomb,hit,OF,54,0.217,0.654,19,2,6,6,1,0,0,0,0,0,0,0
Taylor Trammell,hit,CF,49,0.208,0.672,17,2,5,6,1,0,0,0,0,0,0,0
Carlos Pérez,hit,C,9,0.215,0.668,2,0,1,1,0,0,0,0,0,0,0,0
Collin Price,hit,OF,17,0.194,0.591,4,0,2,2,0,0,0,0,0,0,0,0
Kellen Strahm,hit,OF,28,0.216,0.607,6,0,2,3,1,0,0,0,0,0,0,0
Tommy Sacco Jr.,hit,2B,8,0.194,0.543,1,0,1,1,0,0,0,0,0,0,0,0
Bobby Witt Jr.,hit,SS,634,0.291,0.86,291,26,86,97,31,0,0,0,0,0,0,0
Maikel Garcia,hit,3B,620,0.275,0.752,233,13,61,81,26,0,0,0,0,0,0,0
Vinnie Pasquantino,hit,1B,563,0.266,0.808,236,24,81,72,1,0,0,0,0,0,0,0
Carter Jensen,hit,C,308,0.246,0.742,115,10,36,34,3,0,0,0,0,0,0,0
Salvador Perez,hit,C,580,0.254,0.747,239,25,83,69,0,0,0,0,0,0,0,0
Jonathan India,hit,2B,504,0.247,0.721,167,11,48,58,6,0,0,0,0,0,0,0
Jac Caglianone,hit,1B,418,0.255,0.769,167,17,56,51,2,0,0,0,0,0,0,0
Kyle Isbel,hit,CF,382,0.249,0.683,133,7,39,42,8,0,0,0,0,0,0,0
Isaac Collins,hit,OF,318,0.244,0.728,103,6,32,37,10,0,0,0,0,0,0,0
Michael Massey,hit,2B,286,0.253,0.695,108,8,33,31,2,0,0,0,0,0,0,0
Lane Thomas,hit,CF,379,0.236,0.7,132,11,41,45,13,0,0,0,0,0,0,0
Nick Loftin,hit,2B,124,0.247,0.704,39,2,12,13,2,0,0,0,0,0,0,0
Josh Rojas,hit,2B,57,0.242,0.667,18,1,5,6,1,0,0,0,0,0,0,0
John Rave,hit,OF,145,0.226,0.667,49,4,15,16,4,0,0,0,0,0,0,0
Kevin Newman,hit,SS,43,0.25,0.638,12,0,4,4,1,0,0,0,0,0,0,0
Dairon Blanco,hit,OF,60,0.24,0.658,18,1,6,7,5,0,0,0,0,0,0,0
Kameron Misner,hit,CF,59,0.208,0.64,17,1,6,6,2,0,0,0,0,0,0,0
Javi Vaz,hit,OF,9,0.239,0.649,2,0,1,1,0,0,0,0,0,0,0,0
Tyler Tolbert,hit,SS,111,0.226,0.602,31,1,9,11,8,0,0,0,0,0,0,0
Abraham Toro,hit,3B,33,0.243,0.68,12,1,3,4,0,0,0,0,0,0,0,0
Drew Waters,hit,CF,17,0.232,0.666,4,0,2,2,0,0,0,0,0,0,0,0
Peyton Wilson,hit,OF,6,0.225,0.629,1,0,1,1,0,0,0,0,0,0,0,0
Jorge Alfaro,hit,C,26,0.222,0.605,9,1,3,2,0,0,0,0,0,0,0,0
Tyler Gentry,hit,OF,16,0.218,0.641,4,0,2,2,0,0,0,0,0,0,0,0
Zach Neto,hit,SS,599,0.252,0.776,245,26,70,83,27,0,0,0,0,0,0,0
Nolan Schanuel,hit,1B,546,0.269,0.783,198,16,57,71,6,0,0,0,0,0,0,0
Jo Adell,hit,RF,462,0.238,0.772,198,26,70,58,7,0,0,0,0,0,0,0
Mike Trout,hit,CF,422,0.232,0.784,159,20,55,53,3,0,0,0,0,0,0,0
Vaughn Grissom,hit,2B,344,0.25,0.69,115,7,35,36,5,0,0,0,0,0,0,0
Christian Moore,hit,2B,358,0.23,0.681,119,10,37,39,7,0,0,0,0,0,0,0
Logan O'Hoppe,hit,C,383,0.23,0.698,142,16,47,41,3,0,0,0,0,0,0,0
Jorge Soler,hit,RF,463,0.228,0.742,176,21,57,54,1,0,0,0,0,0,0,0
Josh Lowe,hit,RF,423,0.244,0.715,156,13,49,48,17,0,0,0,0,0,0,0
Oswald Peraza,hit,SS,288,0.224,0.655,94,8,29,31,9,0,0,0,0,0,0,0
Travis d'Arnaud,hit,C,175,0.216,0.647,60,6,19,17,1,0,0,0,0,0,0,0
Nick Madrigal,hit,2B,100,0.265,0.673,32,1,9,10,2,0,0,0,0,0,0,0
Wade Meckler,hit,OF,111,0.246,0.664,32,1,9,11,2,0,0,0,0,0,0,0
Kyren Paris,hit,2B,70,0.205,0.639,21,2,7,7,3,0,0,0,0,0,0,0
Denzer Guzman,hit,SS,46,0.213,0.614,14,1,4,4,1,0,0,0,0,0,0,0
Gustavo Campero,hit,OF,51,0.241,0.699,16,1,5,6,2,0,0,0,0,0,0,0
Nelson Rada,hit,CF,112,0.233,0.62,30,1,8,11,5,0,0,0,0,0,0,0
Anthony Rendon,hit,3B,10,0.229,0.653,2,0,1,1,0,0,0,0,0,0,0,0
Sebastián Rivero,hit,C,17,0.217,0.593,4,0,2,2,0,0,0,0,0,0,0,0
Matthew Lugo,hit,OF,59,0.225,0.652,21,2,6,6,1,0,0,0,0,0,0,0
Elijah Dunham,hit,OF,12,0.201,0.613,2,0,1,1,0,0,0,0,0,0,0,0
Niko Kavadas,hit,1B,55,0.192,0.656,17,2,6,6,0,0,0,0,0,0,0,0
Tucker Flint,hit,OF,22,0.193,0.606,8,1,2,2,0,0,0,0,0,0,0,0
Bryce Teodosio,hit,OF,164,0.217,0.594,49,2,14,16,7,0,0,0,0,0,0,0
Shohei Ohtani,hit,DH,658,0.275,0.955,319,43,99,120,22,0,0,0,0,0,0,0
Mookie Betts,hit,RF,566,0.273,0.822,231,21,71,85,8,0,0,0,0,0,0,0
Kyle Tucker,hit,RF,556,0.268,0.864,233,26,83,84,18,0,0,0,0,0,0,0
Freddie Freeman,hit,1B,661,0.279,0.831,271,24,93,89,7,0,0,0,0,0,0,0
Will Smith,hit,C,472,0.254,0.788,179,18,62,61,3,0,0,0,0,0,0,0
Andy Pages,hit,OF,491,0.255,0.756,203,21,67,63,10,0,0,0,0,0,0,0
Max Muncy,hit,3B,353,0.222,0.78,127,16,45,45,2,0,0,0,0,0,0,0
Tommy Edman,hit,2B,425,0.25,0.708,154,12,50,49,7,0,0,0,0,0,0,0
Teoscar Hernández,hit,RF,548,0.255,0.769,229,25,80,69,6,0,0,0,0,0,0,0
Dalton Rushing,hit,C,174,0.225,0.707,59,6,20,21,1,0,0,0,0,0,0,0
Miguel Rojas,hit,SS,148,0.257,0.685,51,3,16,16,2,0,0,0,0,0,0,0
Alex Call,hit,OF,151,0.237,0.712,49,4,16,18,2,0,0,0,0,0,0,0
Andy Ibáñez,hit,2B,137,0.244,0.683,45,3,15,16,2,0,0,0,0,0,0,0
Hyeseong Kim,hit,2B,97,0.262,0.669,31,1,10,11,4,0,0,0,0,0,0,0
Alex Freeland,hit,SS,58,0.221,0.674,16,1,6,7,1,0,0,0,0,0,0,0
Eliezer Alfonzo,hit,OF,19,0.231,0.612,5,0,2,2,0,0,0,0,0,0,0,0
Austin Gauthier,hit,OF,10,0.224,0.645,2,0,1,1,0,0,0,0,0,0,0,0
Nelson Quiroz,hit,OF,5,0.251,0.668,1,0,1,1,0,0,0,0,0,0,0,0
Ryan Ward,hit,1B,46,0.22,0.682,17,2,6,5,1,0,0,0,0,0,0,0
Chuckie Robinson,hit,C,12,0.21,0.576,2,0,1,1,0,0,0,0,0,0,0,0
Yeiner Fernandez,hit,OF,5,0.229,0.616,1,0,0,0,0,0,0,0,0,0,0,0
Nick Senzel,hit,OF,20,0.214,0.627,5,0,2,2,0,0,0,0,0,0,0,0
David Bote,hit,3B,9,0.226,0.651,2,0,1,1,0,0,0,0,0,0,0,0
Griffin Lockwood-Powell,hit,OF,3,0.202,0.601,0,0,0,0,0,0,0,0,0,0,0,0
Ryan Fitzgerald,hit,2B,3,0.216,0.642,0,0,0,0,0,0,0,0,0,0,0,0
Taylor Young,hit,2B,16,0.21,0.578,4,0,1,2,1,0,0,0,0,0,0,0
John Rhodes,hit,OF,4,0.195,0.581,1,0,0,0,0,0,0,0,0,0,0,0
Michael Siani,hit,CF,43,0.2,0.57,12,1,4,4,2,0,0,0,0,0,0,0
Xavier Edwards,hit,2B,558,0.285,0.726,187,5,45,68,26,0,0,0,0,0,0,0
Otto Lopez,hit,2B,485,0.27,0.722,175,10,51,51,14,0,0,0,0,0,0,0
Jakob Marsee,hit,CF,541,0.232,0.702,173,12,46,70,33,0,0,0,0,0,0,0
Kyle Stowers,hit,OF,494,0.241,0.762,193,21,65,59,4,0,0,0,0,0,0,0
Agustín Ramírez,hit,C,416,0.25,0.753,165,16,56,50,10,0,0,0,0,0,0,0
Connor Norby,hit,2B,449,0.241,0.698,159,13,50,48,8,0,0,0,0,0,0,0
Graham Pauley,hit,3B,306,0.238,0.705,108,9,33,35,5,0,0,0,0,0,0,0
Christopher Morel,hit,3B,305,0.227,0.726,114,13,38,36,6,0,0,0,0,0,0,0
Owen Caissie,hit,OF,314,0.238,0.727,112,10,36,34,3,0,0,0,0,0,0,0
Javier Sanoja,hit,SS,217,0.263,0.705,79,4,22,23,6,0,0,0,0,0,0,0
Joe Mack,hit,C,209,0.217,0.647,69,6,22,21,2,0,0,0,0,0,0,0
Liam Hicks,hit,C,168,0.246,0.697,51,3,16,17,1,0,0,0,0,0,0,0
Esteury Ruiz,hit,CF,94,0.244,0.695,32,2,9,11,7,0,0,0,0,0,0,0
Maximo Acosta,hit,SS,78,0.227,0.64,25,2,8,8,3,0,0,0,0,0,0,0
Victor Mesa Jr.,hit,CF,44,0.243,0.69,15,1,5,5,1,0,0,0,0,0,0,0
Griffin Conine,hit,OF,305,0.221,0.69,106,11,35,33,1,0,0,0,0,0,0,0
Heriberto Hernández,hit,OF,281,0.222,0.696,98,10,32,31,3,0,0,0,0,0,0,0
Jared Serna,hit,2B,46,0.22,0.601,14,1,4,4,1,0,0,0,0,0,0,0
Jesús Bastidas,hit,1B,22,0.213,0.622,5,0,2,2,0,0,0,0,0,0,0,0
Jacob Berry,hit,3B,9,0.221,0.612,2,0,1,1,0,0,0,0,0,0,0,0
Kemp Alderman,hit,OF,25,0.236,0.665,9,1,3,3,1,0,0,0,0,0,0,0
Daniel Johnson,hit,OF,11,0.23,0.66,2,0,1,1,0,0,0,0,0,0,0,0
Nathan Martorella,hit,1B,9,0.206,0.613,2,0,1,1,0,0,0,0,0,0,0,0
Deyvison De Los Santos,hit,3B,146,0.235,0.672,52,5,16,15,2,0,0,0,0,0,0,0
William Contreras,hit,C,586,0.27,0.803,227,20,74,74,6,0,0,0,0,0,0,0
Jackson Chourio,hit,CF,598,0.269,0.789,257,24,74,84,22,0,0,0,0,0,0,0
Brice Turang,hit,2B,613,0.261,0.728,214,14,62,77,26,0,0,0,0,0,0,0
Caleb Durbin,hit,2B,468,0.258,0.726,165,10,50,52,19,0,0,0,0,0,0,0
Joey Ortiz,hit,SS,480,0.249,0.695,165,10,50,53,12,0,0,0,0,0,0,0
Sal Frelick,hit,LF,464,0.271,0.727,163,8,46,51,13,0,0,0,0,0,0,0
Christian Yelich,hit,LF,471,0.258,0.768,174,16,60,57,12,0,0,0,0,0,0,0
Garrett Mitchell,hit,CF,233,0.237,0.709,83,7,26,26,7,0,0,0,0,0,0,0
Andrew Vaughn,hit,1B,508,0.248,0.733,196,19,65,58,1,0,0,0,0,0,0,0
Blake Perkins,hit,CF,242,0.224,0.655,74,5,23,25,8,0,0,0,0,0,0,0
Jeferson Quero,hit,C,126,0.23,0.668,40,3,13,13,1,0,0,0,0,0,0,0
Jake Bauers,hit,1B,287,0.214,0.705,98,11,33,33,7,0,0,0,0,0,0,0
Andruw Monasterio,hit,3B,151,0.234,0.654,44,2,14,16,4,0,0,0,0,0,0,0
Anthony Seigler,hit,C,53,0.211,0.657,15,1,5,6,2,0,0,0,0,0,0,0
Matthew Wood,hit,OF,17,0.216,0.623,4,0,1,2,0,0,0,0,0,0,0,0
Brandon Lockridge,hit,OF,84,0.235,0.636,24,1,7,9,4,0,0,0,0,0,0,0
Akil Baddoo,hit,LF,74,0.214,0.661,25,2,7,8,2,0,0,0,0,0,0,0
Tyler Black,hit,1B,38,0.219,0.673,11,1,4,4,1,0,0,0,0,0,0,0
Ramón Rodríguez,hit,OF,5,0.231,0.653,1,0,0,0,0,0,0,0,0,0,0,0
Daz Cameron,hit,CF,15,0.223,0.673,4,0,2,2,0,0,0,0,0,0,0,0
Darrien Miller,hit,OF,4,0.183,0.589,1,0,0,0,0,0,0,0,0,0,0,0
Brock Wilken,hit,3B,4,0.196,0.65,1,0,0,0,0,0,0,0,0,0,0,0
Greg Jones,hit,SS,7,0.193,0.575,1,0,1,1,0,0,0,0,0,0,0,0
Casey Martin,hit,SS,3,0.171,0.484,0,0,0,0,0,0,0,0,0,0,0,0
Steward Berroa,hit,OF,37,0.202,0.586,11,1,3,4,2,0,0,0,0,0,0,0
Byron Buxton,hit,CF,489,0.248,0.804,216,26,64,72,14,0,0,0,0,0,0,0
Luke Keaschall,hit,2B,480,0.267,0.75,168,10,48,62,20,0,0,0,0,0,0,0
Royce Lewis,hit,3B,469,0.252,0.759,190,20,63,56,9,0,0,0,0,0,0,0
Ryan Jeffers,hit,C,462,0.245,0.747,172,16,56,55,2,0,0,0,0,0,0,0
Brooks Lee,hit,SS,439,0.252,0.711,161,13,51,49,4,0,0,0,0,0,0,0
Matt Wallner,hit,RF,410,0.23,0.779,160,19,56,52,4,0,0,0,0,0,0,0
Josh Bell,hit,1B,475,0.252,0.765,180,18,61,57,2,0,0,0,0,0,0,0
Victor Caratini,hit,C,312,0.257,0.727,113,9,36,35,1,0,0,0,0,0,0,0
Trevor Larnach,hit,LF,393,0.248,0.746,144,13,45,46,4,0,0,0,0,0,0,0
Austin Martin,hit,OF,287,0.257,0.704,89,3,25,33,10,0,0,0,0,0,0,0
Edouard Julien,hit,2B,171,0.225,0.7,51,4,16,20,2,0,0,0,0,0,0,0
Alan Roden,hit,OF,164,0.255,0.723,58,4,17,18,2,0,0,0,0,0,0,0
Orlando Arcia,hit,SS,137,0.233,0.662,47,4,15,14,1,0,0,0,0,0,0,0
James Outman,hit,CF,169,0.213,0.684,57,6,19,19,3,0,0,0,0,0,0,0
Kody Clemens,hit,2B,207,0.232,0.716,77,8,26,24,2,0,0,0,0,0,0,0
Walker Jenkins,hit,CF,94,0.24,0.688,30,2,9,10,2,0,0,0,0,0,0,0
Alex Jackson,hit,C,40,0.207,0.649,13,1,5,4,0,0,0,0,0,0,0,0
Emmanuel Rodriguez,hit,CF,52,0.211,0.686,14,1,5,6,1,0,0,0,0,0,0,0
Eric Wagaman,hit,1B,119,0.253,0.706,45,3,14,13,1,0,0,0,0,0,0,0
Jhonny Pereda,hit,C,35,0.24,0.665,9,0,3,4,0,0,0,0,0,0,0,0
Gabriel Gonzalez,hit,OF,48,0.262,0.719,17,1,5,5,0,0,0,0,0,0,0,0
Vidal Bruján,hit,2B,56,0.234,0.655,18,1,5,6,1,0,0,0,0,0,0,0
Mickey Gasper,hit,C,9,0.236,0.698,2,0,1,1,0,0,0,0,0,0,0,0
Ricardo Olivar,hit,OF,6,0.234,0.674,1,0,1,1,0,0,0,0,0,0,0,0
Kaelen Culpepper,hit,SS,2,0.244,0.682,1,0,0,0,0,0,0,0,0,0,0,0
Tanner Schobel,hit,2B,10,0.219,0.618,2,0,1,1,0,0,0,0,0,0,0,0
Andrew Cossetti,hit,OF,3,0.194,0.607,0,0,0,0,0,0,0,0,0,0,0,0
Jake Rucker,hit,OF,10,0.23,0.619,2,0,1,1,0,0,0,0,0,0,0,0
Ryan Kreidler,hit,SS,65,0.195,0.587,16,1,5,6,2,0,0,0,0,0,0,0
Juan Soto,hit,RF,621,0.274,0.947,262,34,89,105,20,0,0,0,0,0,0,0
Francisco Lindor,hit,SS,644,0.259,0.789,257,26,74,94,23,0,0,0,0,0,0,0
Bo Bichette,hit,SS,585,0.288,0.786,242,18,74,73,6,0,0,0,0,0,0,0
Marcus Semien,hit,2B,668,0.241,0.713,239,22,77,79,9,0,0,0,0,0,0,0
Francisco Alvarez,hit,C,397,0.241,0.779,162,20,55,49,1,0,0,0,0,0,0,0
Jorge Polanco,hit,2B,457,0.249,0.765,177,19,62,57,5,0,0,0,0,0,0,0
Luis Torrens,hit,C,206,0.239,0.683,74,6,23,22,1,0,0,0,0,0,0,0
Mark Vientos,hit,3B,428,0.248,0.767,176,20,60,53,1,0,0,0,0,0,0,0
Brett Baty,hit,3B,340,0.248,0.737,129,13,42,39,4,0,0,0,0,0,0,0
Carson Benge,hit,OF,355,0.237,0.691,117,8,37,39,6,0,0,0,0,0,0,0
Luisangel Acuña,hit,2B,234,0.254,0.66,76,3,22,25,12,0,0,0,0,0,0,0
Tyrone Taylor,hit,OF,298,0.233,0.665,103,7,32,33,8,0,0,0,0,0,0,0
Ronny Mauricio,hit,SS,142,0.247,0.714,53,5,17,16,3,0,0,0,0,0,0,0
Jett Williams,hit,SS,75,0.218,0.657,23,2,7,8,2,0,0,0,0,0,0,0
Jared Young,hit,1B,48,0.233,0.722,18,2,6,6,1,0,0,0,0,0,0,0
Hayden Senger,hit,C,27,0.206,0.571,6,0,2,3,0,0,0,0,0,0,0,0
Tsung-Che Cheng,hit,SS,41,0.202,0.577,11,1,3,4,1,0,0,0,0,0,0,0
Nick Morabito,hit,CF,55,0.234,0.62,17,1,5,6,3,0,0,0,0,0,0,0
Ji Hwan Bae,hit,2B,16,0.236,0.642,4,0,1,2,1,0,0,0,0,0,0,0
Kevin Parada,hit,C,4,0.203,0.593,1,0,0,0,0,0,0,0,0,0,0,0
Wyatt Young,hit,OF,10,0.217,0.587,2,0,1,1,0,0,0,0,0,0,0,0
Travis Jankowski,hit,CF,9,0.233,0.634,2,0,1,1,0,0,0,0,0,0,0,0
Jose Rojas,hit,3B,36,0.213,0.672,12,1,4,4,0,0,0,0,0,0,0,0
Christian Arroyo,hit,2B,5,0.222,0.594,1,0,0,0,0,0,0,0,0,0,0,0
Ryan Clifford,hit,1B,45,0.207,0.674,16,2,5,5,0,0,0,0,0,0,0,0
Jose Ramos,hit,OF,11,0.204,0.619,2,0,1,1,0,0,0,0,0,0,0,0
Matt Rudick,hit,OF,8,0.207,0.617,1,0,1,1,0,0,0,0,0,0,0,0
Cristian Pache,hit,CF,48,0.199,0.576,14,1,4,4,1,0,0,0,0,0,0,0
Aaron Judge,hit,RF,635,0.285,1.006,301,43,104,110,9,0,0,0,0,0,0,0
Jazz Chisholm Jr.,hit,CF,552,0.242,0.767,220,27,76,72,27,0,0,0,0,0,0,0
Austin Wells,hit,C,396,0.23,0.725,151,17,50,48,5,0,0,0,0,0,0,0
Ben Rice,hit,1B,472,0.247,0.808,197,24,68,64,4,0,0,0,0,0,0,0
Trent Grisham,hit,CF,484,0.22,0.741,172,21,53,66,5,0,0,0,0,0,0,0
Anthony Volpe,hit,SS,431,0.233,0.701,157,14,48,50,16,0,0,0,0,0,0,0
Jasson Domínguez,hit,CF,408,0.253,0.744,149,13,47,48,18,0,0,0,0,0,0,0
Ryan McMahon,hit,3B,414,0.212,0.679,135,14,46,45,3,0,0,0,0,0,0,0
Amed Rosario,hit,SS,248,0.273,0.706,92,5,27,27,5,0,0,0,0,0,0,0
Giancarlo Stanton,hit,DH,377,0.232,0.783,159,23,60,49,1,0,0,0,0,0,0,0
José Caballero,hit,SS,302,0.226,0.656,89,5,28,35,29,0,0,0,0,0,0,0
J.C. Escarra,hit,C,182,0.236,0.686,60,4,19,20,2,0,0,0,0,0,0,0
Oswaldo Cabrera,hit,2B,246,0.244,0.703,86,7,27,28,3,0,0,0,0,0,0,0
Paul DeJong,hit,SS,140,0.208,0.632,47,5,16,14,1,0,0,0,0,0,0,0
Spencer Jones,hit,CF,61,0.216,0.668,20,2,7,7,2,0,0,0,0,0,0,0
Ali Sánchez,hit,C,13,0.223,0.615,3,0,1,1,0,0,0,0,0,0,0,0
Zack Short,hit,SS,14,0.187,0.594,2,0,1,1,0,0,0,0,0,0,0,0
Jorbit Vivas,hit,2B,77,0.229,0.659,21,1,7,8,2,0,0,0,0,0,0,0
Jonathan Ornelas,hit,SS,17,0.202,0.557,3,0,1,2,0,0,0,0,0,0,0,0
T.J. Rumfield,hit,1B,57,0.231,0.671,17,1,6,6,0,0,0,0,0,0,0,0
Trea Turner,hit,SS,609,0.28,0.773,246,18,65,86,26,0,0,0,0,0,0,0
Bryce Harper,hit,RF,598,0.273,0.862,255,27,87,83,9,0,0,0,0,0,0,0
Kyle Schwarber,hit,LF,626,0.23,0.852,260,40,90,97,6,0,0,0,0,0,0,0
Bryson Stott,hit,2B,528,0.257,0.721,188,13,56,60,21,0,0,0,0,0,0,0
Alec Bohm,hit,3B,532,0.275,0.755,205,14,67,61,3,0,0,0,0,0,0,0
J.T. Realmuto,hit,C,390,0.245,0.703,141,11,45,43,5,0,0,0,0,0,0,0
Brandon Marsh,hit,CF,410,0.252,0.733,147,11,46,47,9,0,0,0,0,0,0,0
Justin Crawford,hit,CF,299,0.266,0.7,104,5,29,34,15,0,0,0,0,0,0,0
Adolis García,hit,RF,498,0.237,0.729,195,22,66,58,10,0,0,0,0,0,0,0
Rafael Marchán,hit,C,143,0.234,0.668,45,3,14,15,1,0,0,0,0,0,0,0
Edmundo Sosa,hit,SS,185,0.249,0.693,69,5,21,20,2,0,0,0,0,0,0,0
Johan Rojas,hit,CF,124,0.247,0.651,41,2,12,13,6,0,0,0,0,0,0,0
Aidan Miller,hit,SS,47,0.221,0.652,14,1,4,5,2,0,0,0,0,0,0,0
Otto Kemp,hit,OF,149,0.229,0.687,50,4,16,16,2,0,0,0,0,0,0,0
Liover Peguero,hit,SS,33,0.226,0.638,11,1,3,4,1,0,0,0,0,0,0,0
Weston Wilson,hit,OF,50,0.216,0.667,18,2,5,5,1,0,0,0,0,0,0,0
Garrett Stubbs,hit,C,45,0.214,0.603,14,1,4,4,1,0,0,0,0,0,0,0
Gabriel Rincones Jr.,hit,OF,39,0.214,0.668,12,1,4,4,1,0,0,0,0,0,0,0
Paul McIntosh,hit,C,6,0.212,0.632,1,0,1,1,0,0,0,0,0,0,0,0
René Pinto,hit,C,14,0.206,0.617,4,0,2,1,0,0,0,0,0,0,0,0
José Rodríguez,hit,SS,2,0.243,0.653,0,0,0,0,0,0,0,0,0,0,0,0
Christian Cairo,hit,OF,4,0.207,0.576,1,0,0,0,0,0,0,0,0,0,0,0
Marcus Lee Sang,hit,OF,4,0.224,0.648,1,0,0,0,0,0,0,0,0,0,0,0
Robert Moore,hit,SS,7,0.206,0.581,1,0,1,1,0,0,0,0,0,0,0,0
Pedro León,hit,OF,36,0.211,0.633,11,1,4,4,1,0,0,0,0,0,0,0
Bryan De La Cruz,hit,LF,50,0.234,0.668,19,2,6,5,0,0,0,0,0,0,0,0
Nick Castellanos,hit,RF,287,0.248,0.707,108,9,35,31,2,0,0,0,0,0,0,0
Oneil Cruz,hit,SS,484,0.237,0.761,187,20,60,61,25,0,0,0,0,0,0,0
Brandon Lowe,hit,2B,501,0.243,0.754,198,22,64,65,4,0,0,0,0,0,0,0
Spencer Horwitz,hit,1B,443,0.264,0.774,159,11,43,57,2,0,0,0,0,0,0,0
Konnor Griffin,hit,SS,315,0.259,0.713,113,8,34,35,13,0,0,0,0,0,0,0
Jared Triolo,hit,3B,466,0.241,0.689,148,9,44,48,12,0,0,0,0,0,0,0
Bryan Reynolds,hit,CF,607,0.254,0.747,229,20,73,72,5,0,0,0,0,0,0,0
Nick Gonzales,hit,2B,384,0.263,0.718,139,7,42,41,3,0,0,0,0,0,0,0
Ryan O'Hearn,hit,1B,454,0.269,0.767,170,13,57,52,3,0,0,0,0,0,0,0
Joey Bart,hit,C,290,0.239,0.697,95,7,30,31,2,0,0,0,0,0,0,0
Henry Davis,hit,C,232,0.222,0.667,76,7,24,24,3,0,0,0,0,0,0,0
Jake Mangum,hit,CF,254,0.278,0.695,90,3,25,26,10,0,0,0,0,0,0,0
Jack Suwinski,hit,CF,194,0.212,0.697,66,7,22,22,4,0,0,0,0,0,0,0
Nick Yorke,hit,2B,145,0.255,0.683,52,3,14,15,3,0,0,0,0,0,0,0
Endy Rodríguez,hit,C,110,0.245,0.704,38,3,12,12,1,0,0,0,0,0,0,0
Enmanuel Valdez,hit,2B,71,0.236,0.719,24,2,8,8,1,0,0,0,0,0,0,0
Rafael Flores Jr.,hit,C,84,0.235,0.674,28,2,9,9,1,0,0,0,0,0,0,0
Ronny Simon,hit,2B,21,0.244,0.672,6,0,2,2,1,0,0,0,0,0,0,0
Jhostynxon Garcia,hit,OF,301,0.232,0.67,107,9,33,32,3,0,0,0,0,0,0,0
Alika Williams,hit,SS,52,0.231,0.616,16,1,5,5,1,0,0,0,0,0,0,0
Dominic Fletcher,hit,LF,40,0.238,0.655,14,1,4,4,0,0,0,0,0,0,0,0
Billy Cook,hit,OF,54,0.22,0.633,16,1,5,5,1,0,0,0,0,0,0,0
Davis Wendzel,hit,SS,35,0.205,0.607,10,1,3,3,0,0,0,0,0,0,0,0
Fernando Tatis Jr.,hit,RF,618,0.275,0.862,270,30,78,97,24,0,0,0,0,0,0,0
Jackson Merrill,hit,CF,586,0.269,0.788,252,23,77,76,7,0,0,0,0,0,0,0
Manny Machado,hit,3B,595,0.268,0.794,250,26,85,75,9,0,0,0,0,0,0,0
Xander Bogaerts,hit,SS,517,0.27,0.741,191,13,57,58,14,0,0,0,0,0,0,0
Freddy Fermin,hit,C,395,0.249,0.684,138,10,42,41,2,0,0,0,0,0,0,0
Jake Cronenworth,hit,2B,540,0.236,0.704,176,13,56,57,4,0,0,0,0,0,0,0
Ramón Laureano,hit,RF,441,0.243,0.733,172,17,57,51,7,0,0,0,0,0,0,0
Luis Campusano,hit,C,307,0.247,0.729,111,10,36,35,1,0,0,0,0,0,0,0
Sung Mun Song,hit,3B,311,0.248,0.673,105,7,31,34,7,0,0,0,0,0,0,0
Gavin Sheets,hit,1B,453,0.244,0.717,163,14,54,50,2,0,0,0,0,0,0,0
Will Wagner,hit,2B,175,0.258,0.709,57,3,17,19,2,0,0,0,0,0,0,0
Jose Miranda,hit,3B,149,0.242,0.675,51,4,17,16,1,0,0,0,0,0,0,0
Rodolfo Durán,hit,OF,32,0.224,0.638,11,1,3,3,0,0,0,0,0,0,0,0
Bryce Johnson,hit,OF,186,0.231,0.633,56,3,16,18,5,0,0,0,0,0,0,0
Blake Hunt,hit,C,27,0.207,0.605,9,1,3,3,0,0,0,0,0,0,0,0
Tirso Ornelas,hit,OF,132,0.241,0.685,44,3,14,14,1,0,0,0,0,0,0,0
Tucupita Marcano,hit,2B,9,0.239,0.654,2,0,1,1,0,0,0,0,0,0,0,0
Nick Solak,hit,OF,3,0.247,0.678,1,0,0,0,0,0,0,0,0,0,0,0
Pablo Reyes,hit,2B,13,0.232,0.653,4,0,1,1,0,0,0,0,0,0,0,0
Jase Bowen,hit,OF,4,0.215,0.616,1,0,0,0,0,0,0,0,0,0,0,0
Clay Dungan,hit,2B,13,0.204,0.587,3,0,1,1,0,0,0,0,0,0,0,0
Marcos Castañon,hit,OF,3,0.22,0.623,1,0,0,0,0,0,0,0,0,0,0,0
Mason McCoy,hit,SS,104,0.202,0.573,29,2,9,10,3,0,0,0,0,0,0,0
Carlos Rodríguez,hit,OF,9,0.238,0.626,2,0,1,1,0,0,0,0,0,0,0,0
Andy Thomas,hit,C,3,0.197,0.568,1,0,0,0,0,0,0,0,0,0,0,0
Yuli Gurriel,hit,1B,7,0.233,0.638,2,0,1,1,0,0,0,0,0,0,0,0
Cal Raleigh,hit,C,615,0.23,0.818,257,38,90,88,8,0,0,0,0,0,0,0
Julio Rodríguez,hit,CF,618,0.275,0.824,275,30,91,84,23,0,0,0,0,0,0,0
Josh Naylor,hit,1B,570,0.265,0.78,233,23,80,71,15,0,0,0,0,0,0,0
J.P. Crawford,hit,SS,506,0.241,0.696,158,10,47,55,5,0,0,0,0,0,0,0
Randy Arozarena,hit,LF,632,0.233,0.734,219,21,67,82,22,0,0,0,0,0,0,0
Cole Young,hit,SS,300,0.242,0.693,93,5,29,33,5,0,0,0,0,0,0,0
Ben Williamson,hit,3B,269,0.253,0.668,89,4,25,27,5,0,0,0,0,0,0,0
Colt Emerson,hit,SS,256,0.233,0.664,81,5,24,27,4,0,0,0,0,0,0,0
Dominic Canzone,hit,OF,369,0.246,0.733,143,15,47,42,3,0,0,0,0,0,0,0
Victor Robles,hit,CF,317,0.244,0.666,102,5,29,32,16,0,0,0,0,0,0,0
Leo Rivas,hit,2B,154,0.214,0.639,38,2,12,16,6,0,0,0,0,0,0,0
Rob Refsnyder,hit,OF,200,0.239,0.725,68,6,22,23,2,0,0,0,0,0,0,0
Andrew Knizner,hit,C,122,0.219,0.623,34,2,11,12,1,0,0,0,0,0,0,0
Ryan Bliss,hit,2B,133,0.222,0.65,43,3,13,14,8,0,0,0,0,0,0,0
Luke Raley,hit,OF,227,0.223,0.699,77,8,27,25,3,0,0,0,0,0,0,0
Miles Mastrobuoni,hit,OF,63,0.24,0.651,19,1,5,6,2,0,0,0,0,0,0,0
Michael Arroyo,hit,2B,50,0.222,0.662,15,1,5,5,1,0,0,0,0,0,0,0
Samad Taylor,hit,OF,55,0.226,0.635,16,1,5,6,2,0,0,0,0,0,0,0
Rhylan Thomas,hit,OF,46,0.264,0.668,16,1,4,5,1,0,0,0,0,0,0,0
Nick Raposo,hit,C,17,0.201,0.566,4,0,1,1,0,0,0,0,0,0,0,0
Carson Taylor,hit,C,5,0.211,0.624,1,0,1,1,0,0,0,0,0,0,0,0
Sammy Siani,hit,OF,4,0.206,0.588,1,0,0,0,0,0,0,0,0,0,0,0
Hogan Windish,hit,OF,9,0.183,0.544,1,0,1,1,0,0,0,0,0,0,0,0
Willy Adames,hit,SS,623,0.233,0.739,229,24,73,78,11,0,0,0,0,0,0,0
Patrick Bailey,hit,C,433,0.226,0.638,136,9,41,42,2,0,0,0,0,0,0,0
Matt Chapman,hit,3B,593,0.238,0.757,220,22,76,71,9,0,0,0,0,0,0,0
Rafael Devers,hit,3B,622,0.249,0.811,249,29,83,82,2,0,0,0,0,0,0,0
Jung Hoo Lee,hit,CF,489,0.273,0.746,183,9,46,60,9,0,0,0,0,0,0,0
Heliot Ramos,hit,OF,538,0.256,0.751,207,19,64,64,6,0,0,0,0,0,0,0
Casey Schmitt,hit,3B,320,0.241,0.693,116,10,36,33,2,0,0,0,0,0,0,0
Luis Matos,hit,OF,299,0.252,0.725,115,10,35,35,6,0,0,0,0,0,0,0
Drew Gilbert,hit,CF,271,0.231,0.685,91,7,28,30,4,0,0,0,0,0,0,0
Tyler Fitzgerald,hit,2B,168,0.226,0.652,56,4,17,18,5,0,0,0,0,0,0,0
Christian Koss,hit,SS,171,0.243,0.651,58,3,17,17,3,0,0,0,0,0,0,0
Daniel Susac,hit,C,85,0.231,0.642,27,2,8,8,1,0,0,0,0,0,0,0
Jesus Rodriguez,hit,OF,48,0.258,0.692,16,1,4,5,1,0,0,0,0,0,0,0
Bryce Eldridge,hit,1B,356,0.232,0.715,133,14,41,38,2,0,0,0,0,0,0,0
Nate Furman,hit,2B,40,0.252,0.699,14,1,4,4,1,0,0,0,0,0,0,0
Grant McCray,hit,CF,135,0.216,0.627,42,3,13,14,4,0,0,0,0,0,0,0
Eric Haase,hit,C,35,0.211,0.612,11,1,3,3,0,0,0,0,0,0,0,0
Jerar Encarnacion,hit,OF,149,0.229,0.689,51,5,17,16,1,0,0,0,0,0,0,0
Buddy Kennedy,hit,2B,11,0.236,0.671,2,0,1,1,0,0,0,0,0,0,0,0
Diego Cartaya,hit,C,5,0.188,0.576,1,0,0,0,0,0,0,0,0,0,0,0
Jake Holton,hit,OF,3,0.219,0.65,1,0,0,0,0,0,0,0,0,0,0,0
Victor Bericoto,hit,OF,7,0.233,0.649,1,0,1,1,0,0,0,0,0,0,0,0
Masyn Winn,hit,SS,621,0.261,0.723,230,16,69,71,12,0,0,0,0,0,0,0
Brendan Donovan,hit,2B,552,0.28,0.765,202,12,54,70,6,0,0,0,0,0,0,0
Iván Herrera,hit,C,478,0.273,0.802,183,16,56,64,7,0,0,0,0,0,0,0
Alec Burleson,hit,LF,558,0.278,0.788,232,21,75,68,6,0,0,0,0,0,0,0
Lars Nootbaar,hit,CF,480,0.249,0.755,170,15,55,58,6,0,0,0,0,0,0,0
JJ Wetherholt,hit,SS,293,0.254,0.729,101,7,30,33,6,0,0,0,0,0,0,0
Pedro Pagés,hit,C,268,0.23,0.662,92,8,29,27,1,0,0,0,0,0,0,0
Victor Scott II,hit,CF,416,0.227,0.626,123,7,37,44,26,0,0,0,0,0,0,0
Thomas Saggese,hit,2B,337,0.249,0.68,116,7,35,34,4,0,0,0,0,0,0,0
Nolan Gorman,hit,2B,442,0.218,0.712,162,20,55,50,4,0,0,0,0,0,0,0
Jordan Walker,hit,RF,441,0.244,0.709,160,13,50,47,8,0,0,0,0,0,0,0
Yohel Pozo,hit,C,164,0.267,0.717,65,5,20,18,1,0,0,0,0,0,0,0
José Fermín,hit,2B,111,0.247,0.713,35,2,11,13,4,0,0,0,0,0,0,0
Nathan Church,hit,OF,140,0.259,0.689,50,3,14,15,3,0,0,0,0,0,0,0
Jimmy Crooks,hit,C,107,0.236,0.66,36,3,11,11,0,0,0,0,0,0,0,0
Bryan Torres,hit,OF,84,0.262,0.695,25,1,7,9,3,0,0,0,0,0,0,0
César Prieto,hit,2B,50,0.254,0.656,17,1,5,5,1,0,0,0,0,0,0,0
Noah Mendlinger,hit,OF,5,0.248,0.655,1,0,0,0,0,0,0,0,0,0,0,0
Matt Koperniak,hit,OF,44,0.235,0.637,14,1,4,4,0,0,0,0,0,0,0,0
Blaze Jordan,hit,1B,5,0.248,0.684,1,0,1,1,0,0,0,0,0,0,0,0
Jeremy Rivas,hit,SS,5,0.203,0.548,1,0,0,0,0,0,0,0,0,0,0,0
Jacob Buchberger,hit,SS,3,0.215,0.605,1,0,0,0,0,0,0,0,0,0,0,0
Mike Antico,hit,CF,8,0.221,0.619,2,0,1,1,0,0,0,0,0,0,0,0
Junior Caminero,hit,3B,522,0.278,0.869,259,34,91,74,5,0,0,0,0,0,0,0
Yandy Díaz,hit,1B,612,0.294,0.835,251,21,73,85,3,0,0,0,0,0,0,0
Jonathan Aranda,hit,1B,478,0.263,0.792,186,18,62,58,2,0,0,0,0,0,0,0
Gavin Lux,hit,2B,389,0.254,0.703,125,6,34,44,3,0,0,0,0,0,0,0
Cedric Mullins,hit,CF,408,0.232,0.696,142,13,46,46,17,0,0,0,0,0,0,0
Nick Fortes,hit,C,256,0.24,0.67,89,7,27,27,2,0,0,0,0,0,0,0
Chandler Simpson,hit,CF,338,0.286,0.685,112,2,29,37,31,0,0,0,0,0,0,0
Hunter Feduccia,hit,C,218,0.218,0.645,63,4,20,22,1,0,0,0,0,0,0,0
Carson Williams,hit,SS,318,0.206,0.65,106,11,35,34,9,0,0,0,0,0,0,0
Jake Fraley,hit,RF,333,0.253,0.725,118,9,37,37,10,0,0,0,0,0,0,0
Justyn-Henry Malloy,hit,OF,215,0.235,0.721,69,6,21,25,2,0,0,0,0,0,0,0
Taylor Walls,hit,SS,276,0.217,0.631,81,5,25,27,12,0,0,0,0,0,0,0
Jonny DeLuca,hit,CF,233,0.235,0.69,84,7,26,26,7,0,0,0,0,0,0,0
Richie Palacios,hit,OF,188,0.239,0.687,59,4,18,21,6,0,0,0,0,0,0,0
Jacob Melton,hit,CF,127,0.228,0.67,43,4,14,14,6,0,0,0,0,0,0,0
Dominic Keegan,hit,C,76,0.222,0.639,24,2,7,8,0,0,0,0,0,0,0,0
Wander Franco,hit,SS,23,0.277,0.8,10,1,3,3,1,0,0,0,0,0,0,0
Brett Wisely,hit,2B,84,0.229,0.647,27,2,8,9,2,0,0,0,0,0,0,0
Tre' Morgan,hit,OF,55,0.244,0.703,17,1,5,6,1,0,0,0,0,0,0,0
Logan Driscoll,hit,C,12,0.224,0.63,3,0,1,1,0,0,0,0,0,0,0,0
Ryan Vilade,hit,OF,146,0.236,0.664,46,3,14,15,2,0,0,0,0,0,0,0
Edward Olivares,hit,OF,18,0.247,0.704,8,1,2,2,0,0,0,0,0,0,0,0
Blake Sabol,hit,OF,18,0.209,0.624,4,0,2,2,0,0,0,0,0,0,0,0
Cooper Kinney,hit,2B,36,0.228,0.623,13,1,3,3,0,0,0,0,0,0,0,0
Jadher Areinamo,hit,SS,2,0.255,0.669,0,0,0,0,0,0,0,0,0,0,0,0
Kenny Piper,hit,OF,3,0.189,0.592,0,0,0,0,0,0,0,0,0,0,0,0
Corey Seager,hit,SS,508,0.275,0.856,222,25,74,71,2,0,0,0,0,0,0,0
Wyatt Langford,hit,RF,559,0.254,0.8,217,22,68,78,19,0,0,0,0,0,0,0
Brandon Nimmo,hit,CF,642,0.256,0.764,242,23,71,85,10,0,0,0,0,0,0,0
Evan Carter,hit,CF,368,0.244,0.739,130,10,40,42,14,0,0,0,0,0,0,0
Josh Jung,hit,3B,429,0.252,0.72,166,15,53,47,4,0,0,0,0,0,0,0
Josh Smith,hit,2B,422,0.245,0.704,137,9,41,48,7,0,0,0,0,0,0,0
Jake Burger,hit,3B,489,0.246,0.753,205,24,69,59,2,0,0,0,0,0,0,0
Joc Pederson,hit,LF,368,0.24,0.779,139,16,50,46,3,0,0,0,0,0,0,0
Danny Jansen,hit,C,307,0.22,0.711,107,12,36,36,1,0,0,0,0,0,0,0
Kyle Higashioka,hit,C,188,0.226,0.68,70,7,23,21,2,0,0,0,0,0,0,0
Cody Freeman,hit,OF,190,0.25,0.691,68,5,21,21,3,0,0,0,0,0,0,0
Ezequiel Duran,hit,2B,251,0.246,0.671,90,6,26,27,7,0,0,0,0,0,0,0
Sam Haggerty,hit,OF,186,0.25,0.69,63,3,17,22,9,0,0,0,0,0,0,0
Sebastian Walcott,hit,SS,92,0.23,0.653,29,2,9,10,3,0,0,0,0,0,0,0
Alejandro Osuna,hit,OF,95,0.249,0.716,31,2,10,11,3,0,0,0,0,0,0,0
Michael Helman,hit,2B,135,0.22,0.639,45,4,14,14,3,0,0,0,0,0,0,0
Willie MacIver,hit,C,32,0.223,0.646,10,1,3,3,1,0,0,0,0,0,0,0
Abimelec Ortiz,hit,1B,59,0.228,0.705,20,2,7,7,0,0,0,0,0,0,0,0
Jonah Bride,hit,3B,29,0.219,0.665,10,1,3,3,0,0,0,0,0,0,0,0
Jose Herrera,hit,C,30,0.215,0.608,7,0,3,3,0,0,0,0,0,0,0,0
Justin Foscue,hit,2B,56,0.222,0.682,20,2,6,6,1,0,0,0,0,0,0,0
Trevor Hauver,hit,OF,3,0.214,0.656,1,0,0,0,0,0,0,0,0,0,0,0
Tyler Wade,hit,2B,42,0.222,0.592,9,0,3,4,1,0,0,0,0,0,0,0
Orlando Martinez,hit,OF,4,0.228,0.636,1,0,0,0,0,0,0,0,0,0,0,0
Keyber Rodriguez,hit,SS,4,0.218,0.571,1,0,0,0,0,0,0,0,0,0,0,0
Andrew Velazquez,hit,SS,4,0.199,0.547,1,0,0,0,0,0,0,0,0,0,0,0
Frainyer Chavez,hit,OF,3,0.214,0.576,1,0,0,0,0,0,0,0,0,0,0,0
Aaron Zavala,hit,OF,8,0.197,0.594,1,0,1,1,0,0,0,0,0,0,0,0
Vladimir Guerrero Jr.,hit,1B,637,0.299,0.918,294,32,99,94,5,0,0,0,0,0,0,0
Alejandro Kirk,hit,C,443,0.276,0.789,170,14,55,54,1,0,0,0,0,0,0,0
George Springer,hit,RF,609,0.261,0.798,243,26,73,87,13,0,0,0,0,0,0,0
Kazuma Okamoto,hit,3B,516,0.251,0.77,206,22,69,61,3,0,0,0,0,0,0,0
Andrés Giménez,hit,2B,526,0.253,0.696,184,12,56,61,18,0,0,0,0,0,0,0
Addison Barger,hit,3B,433,0.249,0.759,173,17,54,56,3,0,0,0,0,0,0,0
Ernie Clement,hit,2B,467,0.276,0.719,176,9,52,51,7,0,0,0,0,0,0,0
Daulton Varsho,hit,CF,487,0.227,0.726,188,21,63,57,7,0,0,0,0,0,0,0
Anthony Santander,hit,RF,555,0.231,0.744,216,26,78,68,2,0,0,0,0,0,0,0
Davis Schneider,hit,2B,299,0.22,0.722,103,11,33,36,4,0,0,0,0,0,0,0
Nathan Lukes,hit,OF,261,0.273,0.743,94,5,27,31,3,0,0,0,0,0,0,0
Tyler Heineman,hit,C,99,0.226,0.637,30,2,9,10,1,0,0,0,0,0,0,0
Leo Jiménez,hit,SS,120,0.237,0.681,39,3,12,13,1,0,0,0,0,0,0,0
Myles Straw,hit,CF,134,0.233,0.608,38,1,11,13,4,0,0,0,0,0,0,0
Jonatan Clase,hit,OF,45,0.225,0.648,14,1,4,5,2,0,0,0,0,0,0,0
Brandon Valenzuela,hit,OF,32,0.203,0.59,10,1,3,3,0,0,0,0,0,0,0,0
Josh Kasevich,hit,SS,22,0.239,0.614,6,0,2,2,0,0,0,0,0,0,0,0
Carlos Mendoza,hit,OF,10,0.237,0.656,2,0,1,1,0,0,0,0,0,0,0,0
Rafael Lantigua,hit,2B,7,0.227,0.638,1,0,1,1,0,0,0,0,0,0,0,0
Joey Loperfido,hit,OF,53,0.231,0.664,16,1,6,6,1,0,0,0,0,0,0,0
Ismael Munguia,hit,CF,3,0.242,0.657,1,0,0,0,0,0,0,0,0,0,0,0
Riley Tirotta,hit,3B,3,0.208,0.622,1,0,0,0,0,0,0,0,0,0,0,0
Yohendrick Pinango,hit,OF,4,0.221,0.639,1,0,0,0,0,0,0,0,0,0,0,0
Eloy Jiménez,hit,LF,33,0.248,0.696,11,1,4,4,0,0,0,0,0,0,0,0
Josh Rivera,hit,SS,4,0.183,0.518,1,0,0,0,0,0,0,0,0,0,0,0
Damiano Palmegiani,hit,3B,6,0.191,0.595,1,0,1,1,0,0,0,0,0,0,0,0
CJ Abrams,hit,SS,591,0.255,0.744,230,19,64,78,28,0,0,0,0,0,0,0
James Wood,hit,OF,513,0.259,0.827,211,23,61,74,14,0,0,0,0,0,0,0
Luis García Jr.,hit,2B,471,0.273,0.753,191,15,59,53,13,0,0,0,0,0,0,0
Daylen Lile,hit,OF,447,0.271,0.755,174,10,52,50,12,0,0,0,0,0,0,0
Dylan Crews,hit,CF,515,0.243,0.718,190,17,63,59,21,0,0,0,0,0,0,0
Jacob Young,hit,CF,327,0.253,0.656,100,3,28,34,17,0,0,0,0,0,0,0
Nasim Nuñez,hit,SS,365,0.232,0.642,107,6,31,38,27,0,0,0,0,0,0,0
Brady House,hit,3B,424,0.244,0.672,156,13,47,41,5,0,0,0,0,0,0,0
Harry Ford,hit,C,206,0.229,0.689,63,5,19,23,4,0,0,0,0,0,0,0
Keibert Ruiz,hit,C,322,0.254,0.697,118,9,36,32,2,0,0,0,0,0,0,0
José Tena,hit,2B,204,0.247,0.672,70,4,20,20,6,0,0,0,0,0,0,0
Andrés Chaparro,hit,1B,274,0.236,0.718,100,10,33,30,1,0,0,0,0,0,0,0
Robert Hassell III,hit,OF,182,0.243,0.658,59,4,17,18,4,0,0,0,0,0,0,0
Drew Millas,hit,C,53,0.244,0.672,17,1,5,5,1,0,0,0,0,0,0,0
Christian Franklin,hit,OF,43,0.225,0.66,13,1,4,4,1,0,0,0,0,0,0,0
Andrew Pinckney,hit,OF,30,0.225,0.627,10,1,3,3,1,0,0,0,0,0,0,0
Joey Wiemer,hit,CF,128,0.206,0.631,40,4,12,13,2,0,0,0,0,0,0,0
Trey Lipscomb,hit,3B,43,0.231,0.618,14,1,4,4,1,0,0,0,0,0,0,0
Orelvis Martinez,hit,3B,115,0.201,0.64,38,4,12,12,1,0,0,0,0,0,0,0
Kervin Pichardo,hit,OF,4,0.207,0.581,1,0,0,0,0,0,0,0,0,0,0,0
Cortland Lawson,hit,OF,3,0.205,0.531,1,0,0,0,0,0,0,0,0,0,0,0
Warming Bernabel,hit,3B,58,0.25,0.677,20,1,6,6,1,0,0,0,0,0,0,0
Sam Brown,hit,OF,10,0.222,0.621,2,0,1,1,0,0,0,0,0,0,0,0
Matt Mervis,hit,1B,49,0.209,0.663,17,2,6,5,0,0,0,0,0,0,0,0
Riley Adams,hit,C,173,0.214,0.644,55,5,18,17,1,0,0,0,0,0,0,0
Yohandy Morales,hit,3B,70,0.229,0.648,24,2,7,7,1,0,0,0,0,0,0,0
Merrill Kelly,pit,SP,0,0,0,0,0,0,0,0,4.15,1.31,185,16,169,0,0
Brandon Pfaadt,pit,SP,0,0,0,0,0,0,0,0,4.33,1.28,175.2,14,152,0,0
Eduardo Rodriguez,pit,SP,0,0,0,0,0,0,0,0,4.35,1.36,143.1,11,126,0,0
Ryne Nelson,pit,SP,0,0,0,0,0,0,0,0,4.39,1.33,165.2,13,136,0,0
Michael Soroka,pit,SP,0,0,0,0,0,0,0,0,4.23,1.32,148.2,9,146,0,1
Corbin Burnes,pit,SP,0,0,0,0,0,0,0,0,3.86,1.27,38,3,37,0,0
A.J. Puk,pit,RP,0,0,0,0,0,0,0,0,3.47,1.2,40,0,46,6,1
Justin Martinez,pit,RP,0,0,0,0,0,0,0,0,3.09,1.29,30,0,38,5,1
Kevin Ginkel,pit,RP,0,0,0,0,0,0,0,0,3.81,1.29,60,0,62,3,14
Cristian Mena,pit,SP,0,0,0,0,0,0,0,0,4,1.33,40.1,1,38,0,1
Kohl Drake,pit,SP,0,0,0,0,0,0,0,0,4.25,1.36,53,3,47,0,1
Jonathan Loáisiga,pit,RP,0,0,0,0,0,0,0,0,3.79,1.33,56,0,49,3,11
Mitch Bratt,pit,RP,0,0,0,0,0,0,0,0,4.38,1.32,27.2,2,22,0,0
Drey Jameson,pit,RP,0,0,0,0,0,0,0,0,3.87,1.32,55,0,55,2,9
Taylor Clarke,pit,RP,0,0,0,0,0,0,0,0,4.14,1.3,59,0,50,1,12
Ryan Thompson,pit,RP,0,0,0,0,0,0,0,0,4.1,1.36,62,0,50,2,13
Philip Abner,pit,RP,0,0,0,0,0,0,0,0,4.11,1.39,28,0,25,0,1
Brandyn Garcia,pit,RP,0,0,0,0,0,0,0,0,3.97,1.41,47,0,42,0,4
Taylor Rashi,pit,RP,0,0,0,0,0,0,0,0,4.18,1.39,8,0,7,0,1
Gus Varland,pit,RP,0,0,0,0,0,0,0,0,4.21,1.38,12,0,11,0,1
Andrew Saalfrank,pit,RP,0,0,0,0,0,0,0,0,4.15,1.47,63,0,55,15,10
Isaiah Campbell,pit,RP,0,0,0,0,0,0,0,0,4.45,1.43,18,0,13,0,1
Blake Walston,pit,SP,0,0,0,0,0,0,0,0,4.33,1.4,14,0,12,0,1
Andrew Hoffmann,pit,SP,0,0,0,0,0,0,0,0,4.21,1.36,42,0,37,0,1
Hayden Durke,pit,RP,0,0,0,0,0,0,0,0,4.49,1.55,10,0,10,0,1
Juan Morillo,pit,RP,0,0,0,0,0,0,0,0,4.31,1.49,50,0,43,0,7
Juan Burgos,pit,RP,0,0,0,0,0,0,0,0,4.56,1.45,34,0,28,0,1
Yilber Díaz,pit,SP,0,0,0,0,0,0,0,0,4.69,1.53,33.1,1,31,0,1
Luis Severino,pit,SP,0,0,0,0,0,0,0,0,4.51,1.35,182.1,14,149,0,0
Jeffrey Springs,pit,SP,0,0,0,0,0,0,0,0,4.63,1.34,175.1,13,150,0,0
Jacob Lopez,pit,SP,0,0,0,0,0,0,0,0,4.36,1.34,136.1,11,136,0,0
J.T. Ginn,pit,SP,0,0,0,0,0,0,0,0,4.05,1.33,94.2,6,85,0,1
Luis Morales,pit,SP,0,0,0,0,0,0,0,0,4.7,1.41,118,8,100,0,0
Luis Medina,pit,SP,0,0,0,0,0,0,0,0,4.54,1.41,114.1,6,102,0,1
Mark Leiter Jr.,pit,RP,0,0,0,0,0,0,0,0,3.92,1.31,64,0,66,6,13
Brady Basso,pit,SP,0,0,0,0,0,0,0,0,3.81,1.27,54,0,50,2,9
Gage Jump,pit,SP,0,0,0,0,0,0,0,0,4.42,1.38,27.2,2,23,0,0
Jack Perkins,pit,SP,0,0,0,0,0,0,0,0,3.77,1.28,34,0,36,0,1
Mitch Spence,pit,RP,0,0,0,0,0,0,0,0,4.05,1.28,40,0,34,0,1
Mason Barnett,pit,SP,0,0,0,0,0,0,0,0,4.58,1.4,53,2,44,0,1
Braden Nett,pit,SP,0,0,0,0,0,0,0,0,4.57,1.47,45.2,2,38,0,1
Justin Sterner,pit,RP,0,0,0,0,0,0,0,0,4.36,1.31,65,0,63,8,10
Henry Baez,pit,RP,0,0,0,0,0,0,0,0,4.72,1.47,18.1,1,13,0,0
Gunnar Hoglund,pit,SP,0,0,0,0,0,0,0,0,4.81,1.38,50.2,2,38,0,1
Hogan Harris,pit,SP,0,0,0,0,0,0,0,0,4.16,1.37,66,0,64,10,11
Tyler Ferguson,pit,RP,0,0,0,0,0,0,0,0,4.25,1.4,52,0,51,1,6
Elvis Alvarado,pit,RP,0,0,0,0,0,0,0,0,4.33,1.41,58,0,58,3,10
Grant Holman,pit,RP,0,0,0,0,0,0,0,0,4.43,1.42,42,0,37,0,1
Chen Zhong-Ao Zhuang,pit,RP,0,0,0,0,0,0,0,0,4.15,1.24,10,0,9,0,1
Will Johnston,pit,RP,0,0,0,0,0,0,0,0,4.05,1.39,12,0,12,0,1
Nick Anderson,pit,RP,0,0,0,0,0,0,0,0,4.42,1.37,22,0,20,0,1
Joey Estes,pit,SP,0,0,0,0,0,0,0,0,4.6,1.27,30,0,24,0,1
Eduarniel Núñez,pit,RP,0,0,0,0,0,0,0,0,4.45,1.5,50,0,47,0,4
Stevie Emanuels,pit,RP,0,0,0,0,0,0,0,0,4.86,1.52,8,0,7,0,1
Michael Kelly,pit,RP,0,0,0,0,0,0,0,0,4.57,1.42,60,0,54,3,11
Chris Sale,pit,SP,0,0,0,0,0,0,0,0,3.19,1.09,168.2,18,205,0,0
Spencer Schwellenbach,pit,SP,0,0,0,0,0,0,0,0,3.65,1.18,166.2,16,163,0,0
Spencer Strider,pit,SP,0,0,0,0,0,0,0,0,3.83,1.23,161,15,187,0,0
Reynaldo López,pit,SP,0,0,0,0,0,0,0,0,4.01,1.28,136.1,10,139,0,1
Hurston Waldrep,pit,SP,0,0,0,0,0,0,0,0,4.31,1.44,146.1,11,129,0,0
Grant Holmes,pit,SP,0,0,0,0,0,0,0,0,4.1,1.33,87,5,87,0,1
Robert Suarez,pit,CP,0,0,0,0,0,0,0,0,3.51,1.2,67,0,73,8,11
Bryce Elder,pit,SP,0,0,0,0,0,0,0,0,4.42,1.39,73.2,5,61,0,1
Aaron Bummer,pit,RP,0,0,0,0,0,0,0,0,3.39,1.3,60,0,61,0,12
Dylan Lee,pit,RP,0,0,0,0,0,0,0,0,3.59,1.19,65,0,71,1,16
Raisel Iglesias,pit,CP,0,0,0,0,0,0,0,0,3.7,1.2,66,0,71,26,4
Joe Jiménez,pit,RP,0,0,0,0,0,0,0,0,3.77,1.22,46,0,51,0,4
Tyler Kinley,pit,RP,0,0,0,0,0,0,0,0,4.08,1.32,63,0,68,0,13
Ian Hamilton,pit,RP,0,0,0,0,0,0,0,0,3.85,1.36,50,0,52,0,7
Joey Wentz,pit,RP,0,0,0,0,0,0,0,0,4.37,1.38,56,2,53,0,1
JR Ritchie,pit,SP,0,0,0,0,0,0,0,0,4.56,1.42,18.1,1,15,0,0
Dylan Dodd,pit,SP,0,0,0,0,0,0,0,0,3.88,1.27,42,0,36,0,1
AJ Smith-Shawver,pit,SP,0,0,0,0,0,0,0,0,4.23,1.32,15,1,16,0,1
Hayden Harris,pit,RP,0,0,0,0,0,0,0,0,3.89,1.34,40,0,43,0,1
Danny Young,pit,RP,0,0,0,0,0,0,0,0,3.77,1.37,20,0,20,0,1
Hunter Stratton,pit,RP,0,0,0,0,0,0,0,0,4.24,1.33,26,0,24,0,1
Didier Fuentes,pit,SP,0,0,0,0,0,0,0,0,4.03,1.26,8,0,8,0,1
Daysbel Hernández,pit,RP,0,0,0,0,0,0,0,0,4.13,1.42,34,0,37,0,1
Joel Payamps,pit,RP,0,0,0,0,0,0,0,0,4.14,1.32,53,0,49,0,9
Jhancarlos Lara,pit,RP,0,0,0,0,0,0,0,0,3.98,1.46,12,0,13,0,1
James Karinchak,pit,RP,0,0,0,0,0,0,0,0,4.42,1.41,14,0,16,0,1
George Soriano,pit,RP,0,0,0,0,0,0,0,0,4.27,1.39,16,0,15,0,1
Rolddy Muñoz,pit,RP,0,0,0,0,0,0,0,0,4.35,1.48,22,0,19,0,1
Kyle Bradish,pit,SP,0,0,0,0,0,0,0,0,3.7,1.23,158,14,167,0,0
Trevor Rogers,pit,SP,0,0,0,0,0,0,0,0,4.19,1.34,174.2,15,149,0,0
Shane Baz,pit,SP,0,0,0,0,0,0,0,0,4.27,1.32,168.1,14,165,0,0
Zach Eflin,pit,SP,0,0,0,0,0,0,0,0,4.35,1.27,146,11,113,0,0
Dean Kremer,pit,SP,0,0,0,0,0,0,0,0,4.57,1.35,154.2,11,130,0,0
Ryan Helsley,pit,CP,0,0,0,0,0,0,0,0,3.47,1.22,64,0,76,25,4
Tyler Wells,pit,SP,0,0,0,0,0,0,0,0,4.53,1.27,102,4,91,0,1
Andrew Kittredge,pit,RP,0,0,0,0,0,0,0,0,3.88,1.25,67,0,67,4,13
Dietrich Enns,pit,SP,0,0,0,0,0,0,0,0,3.92,1.29,62,0,56,0,11
Cade Povich,pit,SP,0,0,0,0,0,0,0,0,4.06,1.31,38.2,2,37,0,1
Yennier Cano,pit,RP,0,0,0,0,0,0,0,0,3.73,1.33,52,0,49,0,5
Colin Selby,pit,RP,0,0,0,0,0,0,0,0,3.82,1.34,58,0,60,0,12
Keegan Akin,pit,RP,0,0,0,0,0,0,0,0,3.89,1.29,66,0,68,3,16
Yaramil Hiraldo,pit,RP,0,0,0,0,0,0,0,0,4.01,1.28,44,0,45,0,1
Félix Bautista,pit,CP,0,0,0,0,0,0,0,0,3.03,1.16,10,0,14,0,1
Brandon Young,pit,SP,0,0,0,0,0,0,0,0,4.32,1.31,35.2,1,32,0,1
Anthony Nunez,pit,RP,0,0,0,0,0,0,0,0,4.02,1.36,30,0,31,0,1
Trey Gibson,pit,RP,0,0,0,0,0,0,0,0,4.33,1.39,9.1,1,8,0,0
Grant Wolfram,pit,RP,0,0,0,0,0,0,0,0,4.18,1.4,34,0,30,0,1
José Suarez,pit,SP,0,0,0,0,0,0,0,0,3.82,1.26,16,0,15,0,1
Albert Suárez,pit,RP,0,0,0,0,0,0,0,0,4.16,1.31,22,0,19,0,1
Chayce McDermott,pit,SP,0,0,0,0,0,0,0,0,4.72,1.47,17,1,16,0,1
Rico Garcia,pit,RP,0,0,0,0,0,0,0,0,4.3,1.34,53,0,53,0,7
Tyson Neighbors,pit,RP,0,0,0,0,0,0,0,0,4.3,1.38,24,0,24,0,1
Jose Espada,pit,RP,0,0,0,0,0,0,0,0,4.49,1.42,14,0,13,0,1
Kade Strowd,pit,RP,0,0,0,0,0,0,0,0,4.23,1.43,60,0,54,1,13
Cameron Foster,pit,RP,0,0,0,0,0,0,0,0,4.45,1.38,26,0,23,0,1
Garrett Crochet,pit,SP,0,0,0,0,0,0,0,0,3.01,1.07,193,21,239,0,0
Sonny Gray,pit,SP,0,0,0,0,0,0,0,0,3.68,1.21,181.1,17,190,0,0
Ranger Suárez,pit,SP,0,0,0,0,0,0,0,0,3.73,1.28,171.2,16,153,0,0
Brayan Bello,pit,SP,0,0,0,0,0,0,0,0,4.39,1.4,156,12,130,0,0
Johan Oviedo,pit,SP,0,0,0,0,0,0,0,0,4.25,1.36,114,6,111,0,1
Patrick Sandoval,pit,SP,0,0,0,0,0,0,0,0,3.81,1.33,79.2,4,76,0,1
Aroldis Chapman,pit,RP,0,0,0,0,0,0,0,0,3,1.18,62,0,87,31,2
Garrett Whitlock,pit,RP,0,0,0,0,0,0,0,0,3.46,1.19,70,0,77,3,14
Connelly Early,pit,SP,0,0,0,0,0,0,0,0,3.54,1.26,49.1,2,51,0,1
Kutter Crawford,pit,SP,0,0,0,0,0,0,0,0,4.14,1.22,86,3,87,0,4
Payton Tolle,pit,SP,0,0,0,0,0,0,0,0,3.91,1.26,51,2,53,0,1
Justin Slaten,pit,RP,0,0,0,0,0,0,0,0,3.96,1.29,61,0,59,0,13
Kyle Harrison,pit,SP,0,0,0,0,0,0,0,0,3.91,1.27,49,1,51,0,1
Jovani Morán,pit,RP,0,0,0,0,0,0,0,0,3.73,1.33,52,0,55,0,7
Jordan Hicks,pit,RP,0,0,0,0,0,0,0,0,3.97,1.37,58,0,55,0,12
Greg Weissert,pit,RP,0,0,0,0,0,0,0,0,4.3,1.36,65,0,58,1,17
Zack Kelly,pit,RP,0,0,0,0,0,0,0,0,4.22,1.39,56,0,55,0,10
Shane Drohan,pit,SP,0,0,0,0,0,0,0,0,3.97,1.33,16,0,16,0,1
Ryan Watson,pit,SP,0,0,0,0,0,0,0,0,4.33,1.38,42,0,35,0,1
Tyler Uberstine,pit,RP,0,0,0,0,0,0,0,0,4.14,1.27,8,0,8,0,1
David Sandlin,pit,SP,0,0,0,0,0,0,0,0,4.38,1.33,18,0,16,0,1
Tyler Samaniego,pit,RP,0,0,0,0,0,0,0,0,4.4,1.44,30,0,25,0,1
Seth Martinez,pit,RP,0,0,0,0,0,0,0,0,4.75,1.43,12,0,10,0,1
Matthew Boyd,pit,SP,0,0,0,0,0,0,0,0,3.93,1.25,173.2,16,156,0,0
Shota Imanaga,pit,SP,0,0,0,0,0,0,0,0,4.12,1.2,152.1,13,138,0,0
Edward Cabrera,pit,SP,0,0,0,0,0,0,0,0,3.97,1.3,139.2,11,149,0,0
Jameson Taillon,pit,SP,0,0,0,0,0,0,0,0,4.54,1.29,161.1,13,126,0,0
Justin Steele,pit,SP,0,0,0,0,0,0,0,0,3.64,1.22,83,8,79,0,0
Cade Horton,pit,SP,0,0,0,0,0,0,0,0,4.34,1.33,134,10,117,0,0
Hunter Harvey,pit,RP,0,0,0,0,0,0,0,0,3.35,1.16,52,0,58,5,13
Ben Brown,pit,SP,0,0,0,0,0,0,0,0,3.39,1.16,49,1,56,0,1
Daniel Palencia,pit,RP,0,0,0,0,0,0,0,0,3.62,1.26,67,0,75,30,4
Jordan Wicks,pit,SP,0,0,0,0,0,0,0,0,3.7,1.26,48,1,44,0,1
Colin Rea,pit,SP,0,0,0,0,0,0,0,0,4.35,1.3,80.2,3,67,0,1
Caleb Thielbar,pit,RP,0,0,0,0,0,0,0,0,3.69,1.24,66,0,69,1,15
Phil Maton,pit,RP,0,0,0,0,0,0,0,0,3.82,1.28,65,0,67,4,14
Luke Little,pit,RP,0,0,0,0,0,0,0,0,3.36,1.35,22,0,26,0,1
Hoby Milner,pit,RP,0,0,0,0,0,0,0,0,3.8,1.32,60,0,51,0,14
Javier Assad,pit,SP,0,0,0,0,0,0,0,0,4.06,1.32,61,1,54,0,8
Porter Hodge,pit,RP,0,0,0,0,0,0,0,0,3.87,1.36,50,0,54,0,5
Ethan Roberts,pit,RP,0,0,0,0,0,0,0,0,4.31,1.36,42,0,39,0,1
Riley Martin,pit,SP,0,0,0,0,0,0,0,0,3.9,1.43,28,0,27,0,1
Connor Noland,pit,SP,0,0,0,0,0,0,0,0,4.07,1.32,8,0,6,0,1
Collin Snider,pit,RP,0,0,0,0,0,0,0,0,4.34,1.37,14,0,11,0,1
Jacob Webb,pit,RP,0,0,0,0,0,0,0,0,4.34,1.35,54,0,50,0,11
Jack Neely,pit,RP,0,0,0,0,0,0,0,0,4.36,1.38,20,0,19,0,1
Corbin Martin,pit,SP,0,0,0,0,0,0,0,0,4.54,1.47,10,0,9,0,1
Gavin Hollowell,pit,RP,0,0,0,0,0,0,0,0,4.31,1.4,18,0,17,0,1
Ryan Rolison,pit,SP,0,0,0,0,0,0,0,0,4.32,1.42,16,0,12,0,1
Shane Smith,pit,SP,0,0,0,0,0,0,0,0,4.38,1.35,168.1,13,153,0,0
Anthony Kay,pit,RP,0,0,0,0,0,0,0,0,4.24,1.42,138.2,11,107,0,0
Davis Martin,pit,SP,0,0,0,0,0,0,0,0,4.65,1.4,159,12,124,0,0
Grant Taylor,pit,SP,0,0,0,0,0,0,0,0,3.32,1.22,79,1,92,11,9
Sean Burke,pit,SP,0,0,0,0,0,0,0,0,4.83,1.43,151,10,135,0,0
Sean Newcomb,pit,SP,0,0,0,0,0,0,0,0,4.16,1.38,104.2,5,96,0,1
Jonathan Cannon,pit,SP,0,0,0,0,0,0,0,0,4.82,1.41,110.1,6,83,0,1
Drew Thorpe,pit,SP,0,0,0,0,0,0,0,0,4.79,1.41,73,5,56,0,0
Jordan Leasure,pit,RP,0,0,0,0,0,0,0,0,3.99,1.32,66,0,73,18,7
Brandon Eisert,pit,RP,0,0,0,0,0,0,0,0,3.97,1.32,60,0,57,0,11
Bryan Hudson,pit,RP,0,0,0,0,0,0,0,0,3.88,1.34,38,0,36,0,1
Duncan Davitt,pit,SP,0,0,0,0,0,0,0,0,4.6,1.36,45.2,2,35,0,1
Noah Schultz,pit,SP,0,0,0,0,0,0,0,0,4.43,1.45,18.1,1,15,0,0
Chris Murphy,pit,RP,0,0,0,0,0,0,0,0,4.04,1.39,40,0,37,0,1
Tyler Gilbert,pit,RP,0,0,0,0,0,0,0,0,4.2,1.34,56,0,49,0,9
Tanner McDougal,pit,SP,0,0,0,0,0,0,0,0,4.63,1.47,26.1,1,22,0,1
Mike Vasil,pit,SP,0,0,0,0,0,0,0,0,4.33,1.38,72,0,59,3,16
Shane Murphy,pit,RP,0,0,0,0,0,0,0,0,4.16,1.29,24,0,18,0,1
Jedixson Paez,pit,RP,0,0,0,0,0,0,0,0,4.39,1.39,50,0,38,0,4
Prelander Berroa,pit,RP,0,0,0,0,0,0,0,0,4.36,1.44,34,0,34,0,1
Ky Bush,pit,SP,0,0,0,0,0,0,0,0,4.43,1.44,12,0,10,0,1
Jairo Iriarte,pit,SP,0,0,0,0,0,0,0,0,4.53,1.47,26,0,23,0,1
Tyler Davis,pit,RP,0,0,0,0,0,0,0,0,4.8,1.48,14,0,12,0,1
Ben Peoples,pit,SP,0,0,0,0,0,0,0,0,4.73,1.45,16,0,13,0,1
Wikelman González,pit,SP,0,0,0,0,0,0,0,0,4.59,1.47,62,0,61,1,12
Alexander Alberto,pit,RP,0,0,0,0,0,0,0,0,5.11,1.66,52,0,38,0,6
Hunter Greene,pit,SP,0,0,0,0,0,0,0,0,3.94,1.19,183.2,17,220,0,0
Chase Burns,pit,SP,0,0,0,0,0,0,0,0,3.74,1.2,132,11,150,0,1
Nick Lodolo,pit,SP,0,0,0,0,0,0,0,0,4.07,1.23,154.1,13,158,0,0
Brady Singer,pit,SP,0,0,0,0,0,0,0,0,4.39,1.33,175.2,14,164,0,0
Andrew Abbott,pit,SP,0,0,0,0,0,0,0,0,4.57,1.32,167.2,13,155,0,0
Rhett Lowder,pit,SP,0,0,0,0,0,0,0,0,4.5,1.37,88.1,5,72,0,1
Emilio Pagán,pit,RP,0,0,0,0,0,0,0,0,4.17,1.25,66,0,73,26,4
Graham Ashcraft,pit,SP,0,0,0,0,0,0,0,0,3.98,1.31,65,0,57,2,15
Caleb Ferguson,pit,RP,0,0,0,0,0,0,0,0,3.93,1.34,58,0,57,0,10
Pierce Johnson,pit,RP,0,0,0,0,0,0,0,0,4.12,1.32,61,0,67,1,12
Brandon Williamson,pit,SP,0,0,0,0,0,0,0,0,4.42,1.33,52,1,48,0,1
Sam Moll,pit,RP,0,0,0,0,0,0,0,0,4.09,1.38,42,0,41,0,1
Tony Santillan,pit,RP,0,0,0,0,0,0,0,0,4.32,1.37,70,0,74,4,13
Brock Burke,pit,RP,0,0,0,0,0,0,0,0,4.12,1.32,62,0,59,1,13
Chase Petty,pit,SP,0,0,0,0,0,0,0,0,4.73,1.45,48,1,38,0,1
Julian Aguiar,pit,SP,0,0,0,0,0,0,0,0,4.66,1.35,35,1,28,0,1
Connor Phillips,pit,SP,0,0,0,0,0,0,0,0,4.38,1.39,56,0,60,0,7
Jared Lyons,pit,RP,0,0,0,0,0,0,0,0,5.35,1.51,9.1,1,7,0,0
Lyon Richardson,pit,SP,0,0,0,0,0,0,0,0,4.33,1.44,22,0,20,0,1
Jose Franco,pit,RP,0,0,0,0,0,0,0,0,4.39,1.35,16,0,15,0,1
Tejay Antone,pit,RP,0,0,0,0,0,0,0,0,4.55,1.44,12,0,10,0,1
Sam Benschoter,pit,RP,0,0,0,0,0,0,0,0,4.61,1.39,14,0,11,0,1
Josh Staumont,pit,RP,0,0,0,0,0,0,0,0,4.58,1.44,18,0,18,0,1
Kevin Abel,pit,SP,0,0,0,0,0,0,0,0,4.62,1.45,10,0,8,0,1
Luis Mey,pit,RP,0,0,0,0,0,0,0,0,4.69,1.57,40,0,36,0,1
Zach Maxwell,pit,RP,0,0,0,0,0,0,0,0,4.59,1.47,50,0,50,0,4
Tanner Bibee,pit,SP,0,0,0,0,0,0,0,0,4.08,1.27,182,16,171,0,0
Gavin Williams,pit,SP,0,0,0,0,0,0,0,0,4.07,1.35,177.1,15,180,0,0
Joey Cantillo,pit,SP,0,0,0,0,0,0,0,0,3.93,1.34,148.2,9,151,0,1
Parker Messick,pit,SP,0,0,0,0,0,0,0,0,4.06,1.32,129,11,114,0,0
Slade Cecconi,pit,SP,0,0,0,0,0,0,0,0,4.5,1.31,157.1,12,131,0,0
Cade Smith,pit,RP,0,0,0,0,0,0,0,0,2.97,1.1,70,0,88,30,3
Logan Allen,pit,SP,0,0,0,0,0,0,0,0,4.44,1.42,125,8,101,0,1
Shawn Armstrong,pit,RP,0,0,0,0,0,0,0,0,3.89,1.25,68,0,68,3,17
Tim Herrin,pit,RP,0,0,0,0,0,0,0,0,3.77,1.36,54,0,57,0,10
Hunter Gaddis,pit,RP,0,0,0,0,0,0,0,0,4.07,1.26,66,0,64,3,14
Erik Sabrowski,pit,RP,0,0,0,0,0,0,0,0,3.91,1.38,61,0,70,0,14
Colin Holderman,pit,RP,0,0,0,0,0,0,0,0,4,1.35,42,0,41,0,1
Austin Peterson,pit,RP,0,0,0,0,0,0,0,0,4.38,1.28,40.1,1,30,0,1
Connor Brogdon,pit,RP,0,0,0,0,0,0,0,0,4.25,1.32,52,0,50,0,7
Carlos Hernández,pit,RP,0,0,0,0,0,0,0,0,4.12,1.33,18,0,18,0,1
Doug Nikhazy,pit,SP,0,0,0,0,0,0,0,0,4.36,1.39,34,1,30,0,1
Pedro Avila,pit,RP,0,0,0,0,0,0,0,0,4.4,1.41,39,1,33,0,1
Franco Aleman,pit,RP,0,0,0,0,0,0,0,0,4.01,1.35,23,0,23,0,1
Matt Festa,pit,RP,0,0,0,0,0,0,0,0,4.15,1.31,58,0,55,0,12
Ryan Webb,pit,RP,0,0,0,0,0,0,0,0,4.64,1.46,9.1,1,7,0,0
Andrew Walters,pit,RP,0,0,0,0,0,0,0,0,4.12,1.35,38,0,42,0,1
Kolby Allard,pit,SP,0,0,0,0,0,0,0,0,4.38,1.34,41,0,31,0,0
Trenton Denholm,pit,RP,0,0,0,0,0,0,0,0,4.27,1.28,8,0,6,0,1
Jake Miller,pit,RP,0,0,0,0,0,0,0,0,4.62,1.44,16,0,12,0,1
Peyton Pallette,pit,SP,0,0,0,0,0,0,0,0,4.39,1.38,48,0,45,0,4
Kyle Freeland,pit,SP,0,0,0,0,0,0,0,0,5.14,1.44,184,12,137,0,0
Michael Lorenzen,pit,SP,0,0,0,0,0,0,0,0,5.26,1.49,149,9,121,0,0
Ryan Feltner,pit,SP,0,0,0,0,0,0,0,0,5.18,1.49,117.1,6,97,0,1
Tanner Gordon,pit,SP,0,0,0,0,0,0,0,0,5.48,1.43,135.1,7,93,0,0
Chase Dollander,pit,SP,0,0,0,0,0,0,0,0,5.42,1.53,130,7,109,0,0
McCade Brown,pit,RP,0,0,0,0,0,0,0,0,5.52,1.52,78.2,4,68,0,0
Jimmy Herget,pit,RP,0,0,0,0,0,0,0,0,4.86,1.38,83.1,1,73,2,14
Sean Sullivan,pit,SP,0,0,0,0,0,0,0,0,5.21,1.43,46.1,3,34,0,0
Victor Vodnik,pit,RP,0,0,0,0,0,0,0,0,4.39,1.47,64,0,63,22,5
Jaden Hill,pit,SP,0,0,0,0,0,0,0,0,4.58,1.42,52,0,49,0,6
Juan Mejia,pit,RP,0,0,0,0,0,0,0,0,4.64,1.45,66,0,65,3,14
Gabriel Hughes,pit,SP,0,0,0,0,0,0,0,0,5.2,1.51,39.2,2,28,0,1
Brennan Bernardino,pit,RP,0,0,0,0,0,0,0,0,4.52,1.48,58,0,53,2,10
Seth Halvorsen,pit,RP,0,0,0,0,0,0,0,0,4.76,1.5,60,0,54,3,11
Welinton Herrera,pit,RP,0,0,0,0,0,0,0,0,4.45,1.46,24,0,23,0,1
John Brebbia,pit,RP,0,0,0,0,0,0,0,0,4.9,1.4,22,0,21,0,1
Keegan Thompson,pit,SP,0,0,0,0,0,0,0,0,4.81,1.44,42,0,39,0,1
Jeff Criswell,pit,RP,0,0,0,0,0,0,0,0,4.85,1.42,18,0,17,0,1
RJ Petit,pit,RP,0,0,0,0,0,0,0,0,4.93,1.47,55,0,47,0,9
Angel Chivilli,pit,RP,0,0,0,0,0,0,0,0,4.95,1.48,26,0,22,0,1
Carson Palmquist,pit,SP,0,0,0,0,0,0,0,0,5.48,1.53,31.2,1,28,0,1
Antonio Senzatela,pit,SP,0,0,0,0,0,0,0,0,5.26,1.51,57,1,37,0,1
Bradley Blalock,pit,SP,0,0,0,0,0,0,0,0,5.54,1.54,8,0,5,0,1
Garrett Acton,pit,RP,0,0,0,0,0,0,0,0,5.18,1.47,30,0,28,0,1
Luis Peralta,pit,RP,0,0,0,0,0,0,0,0,5.2,1.61,34,0,31,0,1
Zach Agnos,pit,RP,0,0,0,0,0,0,0,0,5.3,1.52,50,0,40,0,4
Tarik Skubal,pit,SP,0,0,0,0,0,0,0,0,2.81,1.02,199.2,23,242,0,0
Jack Flaherty,pit,SP,0,0,0,0,0,0,0,0,3.91,1.27,165.2,14,179,0,0
Casey Mize,pit,SP,0,0,0,0,0,0,0,0,4.09,1.27,162.1,13,143,0,0
Reese Olson,pit,SP,0,0,0,0,0,0,0,0,3.94,1.3,141.1,11,131,0,1
Troy Melton,pit,SP,0,0,0,0,0,0,0,0,4.22,1.31,128.2,8,111,0,1
Drew Anderson,pit,RP,0,0,0,0,0,0,0,0,4.06,1.32,99,6,101,0,1
Will Vest,pit,RP,0,0,0,0,0,0,0,0,3.27,1.21,68,0,69,5,12
Sawyer Gipson-Long,pit,SP,0,0,0,0,0,0,0,0,3.84,1.23,56,1,51,0,1
Keider Montero,pit,SP,0,0,0,0,0,0,0,0,4.4,1.35,87.1,4,73,0,1
Tyler Holton,pit,RP,0,0,0,0,0,0,0,0,3.73,1.26,72,0,62,1,14
Kyle Finnegan,pit,CP,0,0,0,0,0,0,0,0,3.79,1.29,64,0,62,4,13
Brant Hurter,pit,SP,0,0,0,0,0,0,0,0,3.66,1.27,55,0,49,0,9
Kenley Jansen,pit,CP,0,0,0,0,0,0,0,0,4.08,1.25,60,0,62,23,4
Brenan Hanifee,pit,RP,0,0,0,0,0,0,0,0,3.89,1.32,58,0,44,0,11
Sean Guenther,pit,RP,0,0,0,0,0,0,0,0,3.8,1.33,22,0,18,0,1
Ty Madden,pit,SP,0,0,0,0,0,0,0,0,4.23,1.33,27.1,1,24,0,1
Drew Sommers,pit,RP,0,0,0,0,0,0,0,0,3.73,1.37,23,0,19,0,1
Beau Brieske,pit,RP,0,0,0,0,0,0,0,0,4.31,1.37,50,0,45,0,4
Troy Watson,pit,RP,0,0,0,0,0,0,0,0,5,1.5,9.1,1,6,0,0
Andrew Sears,pit,SP,0,0,0,0,0,0,0,0,3.96,1.33,10,0,9,0,1
Jake Miller,pit,RP,0,0,0,0,0,0,0,0,4.06,1.33,12,0,10,0,1
Dylan Smith,pit,RP,0,0,0,0,0,0,0,0,4.18,1.4,42,0,36,0,1
Scott Effross,pit,RP,0,0,0,0,0,0,0,0,4.29,1.41,14,0,10,0,1
Tanner Rainey,pit,RP,0,0,0,0,0,0,0,0,4.48,1.42,16,0,15,0,1
Bailey Horn,pit,RP,0,0,0,0,0,0,0,0,4.21,1.41,52,0,46,0,6
Hunter Brown,pit,SP,0,0,0,0,0,0,0,0,3.63,1.23,184.1,18,200,0,0
Tatsuya Imai,pit,SP,0,0,0,0,0,0,0,0,4.37,1.39,153,12,145,0,0
Mike Burrows,pit,SP,0,0,0,0,0,0,0,0,4.22,1.3,141.2,10,138,0,1
Lance McCullers Jr.,pit,SP,0,0,0,0,0,0,0,0,4.38,1.41,125,8,117,0,1
Bryan Abreu,pit,RP,0,0,0,0,0,0,0,0,3.24,1.17,68,0,88,3,14
Josh Hader,pit,CP,0,0,0,0,0,0,0,0,3.29,1.12,66,0,90,31,2
Cristian Javier,pit,SP,0,0,0,0,0,0,0,0,4.96,1.39,157.1,11,144,0,0
Ryan Weiss,pit,RP,0,0,0,0,0,0,0,0,4.31,1.36,89.1,4,84,0,1
Spencer Arrighetti,pit,SP,0,0,0,0,0,0,0,0,4.55,1.37,87,5,86,0,1
Bryan King,pit,RP,0,0,0,0,0,0,0,0,3.72,1.24,67,0,67,1,17
Bennett Sousa,pit,RP,0,0,0,0,0,0,0,0,3.6,1.23,50,0,55,0,4
Steven Okert,pit,RP,0,0,0,0,0,0,0,0,3.99,1.25,64,0,71,0,14
Jason Alexander,pit,SP,0,0,0,0,0,0,0,0,4.3,1.36,51.1,2,40,0,1
Hayden Wesneski,pit,SP,0,0,0,0,0,0,0,0,4.04,1.25,31,1,31,0,1
Colton Gordon,pit,SP,0,0,0,0,0,0,0,0,3.97,1.22,40,0,36,0,1
Ronel Blanco,pit,SP,0,0,0,0,0,0,0,0,4.11,1.29,17,1,18,0,1
Nate Pearson,pit,RP,0,0,0,0,0,0,0,0,4.32,1.35,54,0,54,0,10
AJ Blubaugh,pit,SP,0,0,0,0,0,0,0,0,4.35,1.34,53,1,49,0,1
Enyel De Los Santos,pit,RP,0,0,0,0,0,0,0,0,4.27,1.33,60,0,59,0,12
Miguel Ullola,pit,SP,0,0,0,0,0,0,0,0,4.18,1.38,18,0,19,0,1
J.P. France,pit,SP,0,0,0,0,0,0,0,0,4.38,1.36,26,0,23,0,1
Alimber Santa,pit,RP,0,0,0,0,0,0,0,0,4.55,1.52,10,0,9,0,1
Roddery Muñoz,pit,SP,0,0,0,0,0,0,0,0,4.48,1.4,52,0,51,0,7
Jayden Murray,pit,RP,0,0,0,0,0,0,0,0,4.61,1.42,30,0,25,0,1
Cole Ragans,pit,SP,0,0,0,0,0,0,0,0,3.23,1.17,172,18,210,0,0
Kris Bubic,pit,SP,0,0,0,0,0,0,0,0,3.8,1.29,155.1,12,148,0,1
Michael Wacha,pit,SP,0,0,0,0,0,0,0,0,4.39,1.32,170,14,135,0,0
Seth Lugo,pit,SP,0,0,0,0,0,0,0,0,4.38,1.35,161.1,13,138,0,0
Noah Cameron,pit,SP,0,0,0,0,0,0,0,0,4.2,1.34,148.1,12,122,0,0
Matt Strahm,pit,RP,0,0,0,0,0,0,0,0,3.66,1.18,66,0,72,1,17
Stephen Kolek,pit,SP,0,0,0,0,0,0,0,0,4.15,1.38,79.2,4,58,0,1
Lucas Erceg,pit,RP,0,0,0,0,0,0,0,0,3.57,1.28,62,0,63,2,13
John Schreiber,pit,RP,0,0,0,0,0,0,0,0,4.03,1.34,64,0,59,1,14
Nick Mears,pit,RP,0,0,0,0,0,0,0,0,4.03,1.32,60,0,60,0,12
James McArthur,pit,RP,0,0,0,0,0,0,0,0,3.88,1.31,40,0,36,0,1
Ryan Bergert,pit,SP,0,0,0,0,0,0,0,0,4.65,1.41,68.1,3,57,0,1
Carlos Estévez,pit,CP,0,0,0,0,0,0,0,0,4.29,1.33,65,0,61,31,2
Bailey Falter,pit,SP,0,0,0,0,0,0,0,0,4.53,1.35,74,2,58,0,4
Alex Lange,pit,RP,0,0,0,0,0,0,0,0,3.94,1.41,52,0,55,0,7
Daniel Lynch IV,pit,SP,0,0,0,0,0,0,0,0,4.16,1.34,59,0,46,0,11
Luinder Avila,pit,SP,0,0,0,0,0,0,0,0,3.99,1.37,42,0,38,0,1
Mason Black,pit,SP,0,0,0,0,0,0,0,0,4.68,1.42,46,1,37,0,1
Steven Cruz,pit,RP,0,0,0,0,0,0,0,0,4.2,1.39,45,0,42,0,1
Ben Kudrna,pit,SP,0,0,0,0,0,0,0,0,4.58,1.46,21.1,1,16,0,1
A.J. Causey,pit,RP,0,0,0,0,0,0,0,0,4.42,1.41,20,0,16,0,1
Eric Cerantola,pit,RP,0,0,0,0,0,0,0,0,4.38,1.45,22,0,21,0,1
Henry Williams,pit,SP,0,0,0,0,0,0,0,0,4.51,1.4,8,0,6,0,1
José Soriano,pit,SP,0,0,0,0,0,0,0,0,3.67,1.38,177.1,16,165,0,0
Yusei Kikuchi,pit,SP,0,0,0,0,0,0,0,0,4.11,1.29,177.2,15,182,0,0
Grayson Rodriguez,pit,SP,0,0,0,0,0,0,0,0,3.82,1.25,129,11,136,0,0
Reid Detmers,pit,SP,0,0,0,0,0,0,0,0,4.05,1.29,148.2,12,157,0,1
Alek Manoah,pit,SP,0,0,0,0,0,0,0,0,4.83,1.42,107.2,7,92,0,0
Drew Pomeranz,pit,RP,0,0,0,0,0,0,0,0,3.74,1.24,58,0,63,4,11
Jordan Romano,pit,CP,0,0,0,0,0,0,0,0,4.07,1.29,60,0,64,2,11
Robert Stephenson,pit,RP,0,0,0,0,0,0,0,0,3.94,1.23,60,0,66,17,8
Kirby Yates,pit,RP,0,0,0,0,0,0,0,0,3.9,1.3,56,0,66,6,12
Ben Joyce,pit,RP,0,0,0,0,0,0,0,0,3.42,1.27,34,0,41,4,1
Chase Silseth,pit,SP,0,0,0,0,0,0,0,0,4.05,1.35,55,0,54,0,10
Ryan Johnson,pit,RP,0,0,0,0,0,0,0,0,3.87,1.28,24,0,23,0,1
Caden Dana,pit,SP,0,0,0,0,0,0,0,0,5.07,1.47,90.1,6,76,0,0
George Klassen,pit,SP,0,0,0,0,0,0,0,0,4.16,1.36,25.1,1,24,0,1
Mitch Farris,pit,RP,0,0,0,0,0,0,0,0,4.75,1.46,27.1,2,23,0,0
Jack Kochanowicz,pit,SP,0,0,0,0,0,0,0,0,4.54,1.46,39.2,1,26,0,1
José Fermin,pit,RP,0,0,0,0,0,0,0,0,4.38,1.4,52,0,54,0,7
Tayler Saucedo,pit,RP,0,0,0,0,0,0,0,0,4.08,1.42,40,0,35,0,1
Walbert Urena,pit,RP,0,0,0,0,0,0,0,0,4.68,1.56,23.1,1,17,0,1
Cody Laweryson,pit,RP,0,0,0,0,0,0,0,0,4.57,1.38,50,0,41,0,4
Ryan Zeferjahn,pit,RP,0,0,0,0,0,0,0,0,4.33,1.39,63,0,67,1,13
Victor Mederos,pit,SP,0,0,0,0,0,0,0,0,4.56,1.4,32,0,25,0,1
Camden Minacci,pit,RP,0,0,0,0,0,0,0,0,4.57,1.46,8,0,7,0,1
Sam Bachman,pit,RP,0,0,0,0,0,0,0,0,4.34,1.45,42,0,36,0,1
Miguel Castro,pit,RP,0,0,0,0,0,0,0,0,4.45,1.41,26,0,23,0,1
Samy Natera Jr.,pit,RP,0,0,0,0,0,0,0,0,4.42,1.45,28,0,28,0,1
Sam Aldegheri,pit,SP,0,0,0,0,0,0,0,0,5.03,1.49,54.1,2,41,0,1
Yoshinobu Yamamoto,pit,SP,0,0,0,0,0,0,0,0,3.44,1.21,161.1,16,170,0,0
Blake Snell,pit,SP,0,0,0,0,0,0,0,0,3.53,1.25,163.2,16,201,0,0
Tyler Glasnow,pit,SP,0,0,0,0,0,0,0,0,3.6,1.22,147.2,14,172,0,0
Shohei Ohtani,pit,SP,0,0,0,0,0,0,0,0,3.45,1.15,117,10,136,0,0
Emmet Sheehan,pit,SP,0,0,0,0,0,0,0,0,3.89,1.22,120,8,136,0,1
Roki Sasaki,pit,SP,0,0,0,0,0,0,0,0,4.22,1.34,135,9,128,0,1
Edwin Díaz,pit,CP,0,0,0,0,0,0,0,0,3.02,1.09,66,0,91,36,3
Tanner Scott,pit,RP,0,0,0,0,0,0,0,0,3.44,1.25,63,0,73,4,15
Alex Vesia,pit,RP,0,0,0,0,0,0,0,0,3.67,1.22,61,0,75,1,18
Blake Treinen,pit,RP,0,0,0,0,0,0,0,0,3.78,1.26,58,0,64,1,14
Brusdar Graterol,pit,RP,0,0,0,0,0,0,0,0,3.63,1.28,54,0,49,0,12
Kyle Hurt,pit,SP,0,0,0,0,0,0,0,0,4.03,1.32,45.1,2,47,0,1
Brock Stewart,pit,RP,0,0,0,0,0,0,0,0,3.61,1.21,32,0,38,0,1
Justin Wrobleski,pit,SP,0,0,0,0,0,0,0,0,4.02,1.3,56.1,1,51,0,1
River Ryan,pit,SP,0,0,0,0,0,0,0,0,4.67,1.41,44.2,3,37,0,1
Gavin Stone,pit,SP,0,0,0,0,0,0,0,0,4.02,1.27,25,1,24,0,1
Jack Dreyer,pit,RP,0,0,0,0,0,0,0,0,4.07,1.32,44,0,43,0,1
Anthony Banda,pit,RP,0,0,0,0,0,0,0,0,4.12,1.36,55,0,54,0,13
Will Klein,pit,RP,0,0,0,0,0,0,0,0,4.06,1.41,50,0,54,0,5
Edgardo Henriquez,pit,RP,0,0,0,0,0,0,0,0,4.16,1.37,34,0,35,0,1
Landon Knack,pit,SP,0,0,0,0,0,0,0,0,4.85,1.38,31.2,1,28,0,1
Bobby Miller,pit,SP,0,0,0,0,0,0,0,0,4.09,1.34,26,0,26,0,1
Ben Casparius,pit,RP,0,0,0,0,0,0,0,0,4.43,1.33,52,0,49,0,8
Ronan Kopp,pit,RP,0,0,0,0,0,0,0,0,4.22,1.5,12,0,13,0,1
Paul Gervase,pit,RP,0,0,0,0,0,0,0,0,4.45,1.4,28,0,29,0,1
Eury Pérez,pit,SP,0,0,0,0,0,0,0,0,3.99,1.22,154,13,172,0,0
Sandy Alcantara,pit,SP,0,0,0,0,0,0,0,0,4.15,1.32,186.2,16,159,0,0
Braxton Garrett,pit,SP,0,0,0,0,0,0,0,0,3.83,1.25,135,11,118,0,1
Max Meyer,pit,SP,0,0,0,0,0,0,0,0,4.04,1.3,149,12,138,0,1
Robby Snelling,pit,SP,0,0,0,0,0,0,0,0,4.02,1.35,120,10,100,0,0
Janson Junk,pit,RP,0,0,0,0,0,0,0,0,4.42,1.3,97,5,69,0,1
Pete Fairbanks,pit,RP,0,0,0,0,0,0,0,0,3.56,1.23,62,0,66,27,4
Thomas White,pit,SP,0,0,0,0,0,0,0,0,4.17,1.41,64.2,5,62,0,0
Andrew Nardi,pit,RP,0,0,0,0,0,0,0,0,3.55,1.24,52,0,62,0,7
Ryan Gusto,pit,RP,0,0,0,0,0,0,0,0,4.41,1.33,71.1,2,60,0,1
Anthony Bender,pit,RP,0,0,0,0,0,0,0,0,3.94,1.34,61,0,59,1,12
Calvin Faucher,pit,RP,0,0,0,0,0,0,0,0,3.99,1.35,64,0,64,5,12
Adam Mazur,pit,SP,0,0,0,0,0,0,0,0,4.3,1.31,45.2,1,36,0,1
Josh White,pit,RP,0,0,0,0,0,0,0,0,3.92,1.32,50,0,51,0,4
Tyler Phillips,pit,SP,0,0,0,0,0,0,0,0,4.13,1.37,68,0,51,3,16
Osvaldo Bido,pit,SP,0,0,0,0,0,0,0,0,4.16,1.27,22,0,21,0,1
Dax Fulton,pit,SP,0,0,0,0,0,0,0,0,4.26,1.45,21.1,1,18,0,1
Lake Bachar,pit,RP,0,0,0,0,0,0,0,0,4.23,1.34,56,0,54,0,10
Cade Gibson,pit,RP,0,0,0,0,0,0,0,0,4.1,1.42,60,0,47,0,12
Michael Petersen,pit,RP,0,0,0,0,0,0,0,0,4.42,1.35,40,0,37,0,1
Dale Stanavich,pit,RP,0,0,0,0,0,0,0,0,4.4,1.54,14,0,12,0,1
William Kempner,pit,SP,0,0,0,0,0,0,0,0,4.44,1.46,26,0,24,0,1
Josh Ekness,pit,RP,0,0,0,0,0,0,0,0,4.53,1.46,18,0,16,0,1
Josh Simpson,pit,RP,0,0,0,0,0,0,0,0,4.16,1.44,44,0,41,0,1
Zach Brzykcy,pit,RP,0,0,0,0,0,0,0,0,4.74,1.47,16,0,14,0,1
Brandon Woodruff,pit,SP,0,0,0,0,0,0,0,0,3.84,1.17,159.2,14,168,0,0
Freddy Peralta,pit,SP,0,0,0,0,0,0,0,0,3.91,1.23,177.2,16,200,0,0
Quinn Priester,pit,SP,0,0,0,0,0,0,0,0,4.14,1.36,169,14,138,0,0
Jacob Misiorowski,pit,SP,0,0,0,0,0,0,0,0,4.04,1.33,147.1,10,162,0,1
Chad Patrick,pit,SP,0,0,0,0,0,0,0,0,4.46,1.3,141.1,10,128,0,0
Logan Henderson,pit,SP,0,0,0,0,0,0,0,0,4.08,1.22,97,6,97,0,1
Abner Uribe,pit,RP,0,0,0,0,0,0,0,0,3.15,1.25,72,0,87,24,4
Trevor Megill,pit,RP,0,0,0,0,0,0,0,0,3.41,1.16,66,0,82,7,11
Robert Gasser,pit,SP,0,0,0,0,0,0,0,0,3.98,1.25,61,2,57,0,1
Jared Koenig,pit,RP,0,0,0,0,0,0,0,0,3.48,1.24,65,0,68,1,16
Angel Zerpa,pit,RP,0,0,0,0,0,0,0,0,3.44,1.27,60,0,59,0,12
Aaron Ashby,pit,SP,0,0,0,0,0,0,0,0,3.48,1.34,64,0,67,0,13
Coleman Crow,pit,SP,0,0,0,0,0,0,0,0,3.73,1.23,27.1,1,28,0,1
Tobias Myers,pit,SP,0,0,0,0,0,0,0,0,4.14,1.25,59.2,1,53,0,1
DL Hall,pit,SP,0,0,0,0,0,0,0,0,3.88,1.33,52,0,52,0,7
Rob Zastryzny,pit,RP,0,0,0,0,0,0,0,0,4.01,1.32,50,0,46,0,4
Carlos Rodriguez,pit,SP,0,0,0,0,0,0,0,0,4.34,1.33,35,1,33,0,1
Grant Anderson,pit,RP,0,0,0,0,0,0,0,0,4.12,1.32,56,0,55,0,10
Craig Yoho,pit,RP,0,0,0,0,0,0,0,0,3.95,1.36,40,0,40,0,1
Sammy Peralta,pit,RP,0,0,0,0,0,0,0,0,4.08,1.33,22,0,18,0,1
K.C. Hunt,pit,SP,0,0,0,0,0,0,0,0,3.91,1.26,14,0,13,0,1
Tate Kuehner,pit,RP,0,0,0,0,0,0,0,0,3.98,1.38,10,0,9,0,1
Easton McGee,pit,SP,0,0,0,0,0,0,0,0,3.84,1.32,30,0,24,0,1
Brian Fitzpatrick,pit,RP,0,0,0,0,0,0,0,0,4.39,1.41,8,0,7,0,1
Will Childers,pit,RP,0,0,0,0,0,0,0,0,4.65,1.47,12,0,10,0,1
Joe Ryan,pit,SP,0,0,0,0,0,0,0,0,3.84,1.14,182.1,17,199,0,0
Pablo López,pit,SP,0,0,0,0,0,0,0,0,3.83,1.21,182,17,181,0,0
Zebby Matthews,pit,SP,0,0,0,0,0,0,0,0,4.03,1.23,128.2,8,121,0,1
Bailey Ober,pit,SP,0,0,0,0,0,0,0,0,4.36,1.24,141.1,10,129,0,1
Taj Bradley,pit,SP,0,0,0,0,0,0,0,0,4.16,1.3,124,7,123,0,1
Simeon Woods Richardson,pit,SP,0,0,0,0,0,0,0,0,4.56,1.37,129.1,7,117,0,1
David Festa,pit,SP,0,0,0,0,0,0,0,0,3.74,1.23,49.2,1,53,0,1
Mick Abel,pit,SP,0,0,0,0,0,0,0,0,4.44,1.42,110.2,5,101,0,1
Cole Sands,pit,RP,0,0,0,0,0,0,0,0,3.95,1.26,68,0,67,5,15
Connor Prielipp,pit,SP,0,0,0,0,0,0,0,0,3.88,1.32,61.1,1,59,0,7
Kody Funderburk,pit,RP,0,0,0,0,0,0,0,0,3.71,1.35,65,0,62,10,9
Justin Topa,pit,RP,0,0,0,0,0,0,0,0,4.04,1.36,63,0,53,12,10
Eric Orze,pit,RP,0,0,0,0,0,0,0,0,4.15,1.39,62,0,60,3,12
Andrew Morris,pit,SP,0,0,0,0,0,0,0,0,3.93,1.26,28,0,24,0,1
Kendry Rojas,pit,SP,0,0,0,0,0,0,0,0,3.99,1.34,42,0,39,0,1
Pierson Ohl,pit,SP,0,0,0,0,0,0,0,0,4.21,1.25,60,0,48,2,11
John Klein,pit,RP,0,0,0,0,0,0,0,0,4.23,1.32,50,0,45,0,4
Marco Raya,pit,SP,0,0,0,0,0,0,0,0,4.16,1.39,22,0,20,0,1
Travis Adams,pit,SP,0,0,0,0,0,0,0,0,4.47,1.38,65,1,51,0,10
Michael Tonkin,pit,RP,0,0,0,0,0,0,0,0,4.33,1.33,35,0,32,0,0
Dan Altavilla,pit,RP,0,0,0,0,0,0,0,0,4.45,1.46,34,0,30,0,1
Christian MacLeod,pit,SP,0,0,0,0,0,0,0,0,4.36,1.43,16,0,14,0,1
David Peterson,pit,SP,0,0,0,0,0,0,0,0,3.65,1.34,182,17,160,0,0
Nolan McLean,pit,SP,0,0,0,0,0,0,0,0,3.72,1.31,163,15,154,0,0
Clay Holmes,pit,CP,0,0,0,0,0,0,0,0,3.89,1.38,175.2,15,146,0,0
Sean Manaea,pit,SP,0,0,0,0,0,0,0,0,4,1.25,149,12,149,0,0
Kodai Senga,pit,SP,0,0,0,0,0,0,0,0,3.9,1.33,123.1,9,124,0,1
Devin Williams,pit,CP,0,0,0,0,0,0,0,0,3.12,1.19,64,0,81,32,3
Jonah Tong,pit,SP,0,0,0,0,0,0,0,0,3.65,1.29,44.1,4,48,0,0
Brandon Sproat,pit,SP,0,0,0,0,0,0,0,0,4.1,1.36,55.2,4,45,0,1
A.J. Minter,pit,RP,0,0,0,0,0,0,0,0,3.31,1.18,60,0,68,2,16
Christian Scott,pit,SP,0,0,0,0,0,0,0,0,3.78,1.19,51.1,2,50,0,1
Luke Weaver,pit,RP,0,0,0,0,0,0,0,0,3.7,1.2,67,0,71,4,14
Cooper Criswell,pit,SP,0,0,0,0,0,0,0,0,3.96,1.3,68,1,55,0,5
Brooks Raley,pit,RP,0,0,0,0,0,0,0,0,3.83,1.29,59,0,57,0,13
Justin Hagenman,pit,SP,0,0,0,0,0,0,0,0,3.77,1.17,36,0,33,0,1
Adbert Alzolay,pit,RP,0,0,0,0,0,0,0,0,3.91,1.26,62,0,60,1,14
Huascar Brazobán,pit,RP,0,0,0,0,0,0,0,0,3.92,1.35,56,0,53,0,11
Austin Warren,pit,RP,0,0,0,0,0,0,0,0,4.04,1.31,44,0,40,0,1
Dylan Ross,pit,RP,0,0,0,0,0,0,0,0,3.82,1.36,42,0,44,0,1
Richard Lovelady,pit,RP,0,0,0,0,0,0,0,0,3.8,1.31,52,0,47,0,7
Alex Carrillo,pit,RP,0,0,0,0,0,0,0,0,4.04,1.35,32,0,33,0,1
Jonathan Pintaro,pit,RP,0,0,0,0,0,0,0,0,3.67,1.3,26,0,26,0,1
Jack Wenninger,pit,SP,0,0,0,0,0,0,0,0,4.28,1.36,9.1,1,7,0,0
Nick Burdi,pit,RP,0,0,0,0,0,0,0,0,3.76,1.32,18,0,19,0,1
Ryan Lambert,pit,RP,0,0,0,0,0,0,0,0,3.96,1.35,22,0,24,0,1
Nate Lavender,pit,RP,0,0,0,0,0,0,0,0,3.81,1.31,12,0,13,0,1
Brandon Waddell,pit,SP,0,0,0,0,0,0,0,0,3.88,1.27,14,0,11,0,1
Joe Jacques,pit,RP,0,0,0,0,0,0,0,0,3.73,1.37,8,0,6,0,1
Joey Gerber,pit,RP,0,0,0,0,0,0,0,0,4.25,1.32,28,0,26,0,1
Max Fried,pit,SP,0,0,0,0,0,0,0,0,3.34,1.23,189.1,19,179,0,0
Carlos Rodón,pit,SP,0,0,0,0,0,0,0,0,4.03,1.26,161.2,14,174,0,0
Gerrit Cole,pit,SP,0,0,0,0,0,0,0,0,4,1.22,134.1,12,137,0,0
Cam Schlittler,pit,SP,0,0,0,0,0,0,0,0,4.07,1.32,126.1,10,120,0,0
Will Warren,pit,SP,0,0,0,0,0,0,0,0,4.06,1.31,138,8,134,0,1
Ryan Weathers,pit,SP,0,0,0,0,0,0,0,0,3.88,1.27,128.1,9,126,0,1
David Bednar,pit,CP,0,0,0,0,0,0,0,0,3.3,1.15,65,0,79,33,2
Luis Gil,pit,SP,0,0,0,0,0,0,0,0,4.26,1.35,102.1,4,107,0,1
Fernando Cruz,pit,RP,0,0,0,0,0,0,0,0,3.36,1.2,61,0,80,1,16
Camilo Doval,pit,CP,0,0,0,0,0,0,0,0,3.46,1.3,64,0,73,2,14
Paul Blackburn,pit,SP,0,0,0,0,0,0,0,0,3.96,1.26,62,1,54,0,10
Clarke Schmidt,pit,SP,0,0,0,0,0,0,0,0,3.85,1.24,32,1,32,0,1
Jake Bird,pit,RP,0,0,0,0,0,0,0,0,3.83,1.33,50,0,51,0,5
Brent Headrick,pit,SP,0,0,0,0,0,0,0,0,3.89,1.26,42,0,42,0,1
Ryan Yarbrough,pit,SP,0,0,0,0,0,0,0,0,4.29,1.3,61,1,49,0,7
Elmer Rodríguez,pit,RP,0,0,0,0,0,0,0,0,3.63,1.3,10,0,9,0,1
Yerry De los Santos,pit,RP,0,0,0,0,0,0,0,0,4.04,1.39,30,0,24,0,1
Brendan Beck,pit,SP,0,0,0,0,0,0,0,0,4.05,1.25,16,0,14,0,1
Trent Sellers,pit,RP,0,0,0,0,0,0,0,0,4.21,1.37,8,0,8,0,1
Tim Hill,pit,RP,0,0,0,0,0,0,0,0,4.06,1.42,66,0,40,0,15
Kervin Castro,pit,RP,0,0,0,0,0,0,0,0,4.3,1.41,24,0,22,0,1
Cade Winquest,pit,RP,0,0,0,0,0,0,0,0,4.24,1.37,34,0,28,0,1
Jayvien Sandridge,pit,RP,0,0,0,0,0,0,0,0,4.35,1.48,18,0,18,0,1
Eric Reyzelman,pit,RP,0,0,0,0,0,0,0,0,4.73,1.55,12,0,11,0,1
Kaleb Ort,pit,RP,0,0,0,0,0,0,0,0,4.37,1.36,57,0,59,0,12
Cristopher Sánchez,pit,SP,0,0,0,0,0,0,0,0,3.16,1.18,198,21,192,0,0
Jesús Luzardo,pit,SP,0,0,0,0,0,0,0,0,3.58,1.2,181,17,198,0,0
Zack Wheeler,pit,SP,0,0,0,0,0,0,0,0,3.21,1.09,125.2,13,145,0,0
Aaron Nola,pit,SP,0,0,0,0,0,0,0,0,4,1.23,180.2,16,175,0,0
Jhoan Duran,pit,RP,0,0,0,0,0,0,0,0,2.79,1.13,70,0,84,29,3
José Alvarado,pit,RP,0,0,0,0,0,0,0,0,3.27,1.24,64,0,74,3,12
Andrew Painter,pit,SP,0,0,0,0,0,0,0,0,4.7,1.41,133,8,103,0,1
Orion Kerkering,pit,RP,0,0,0,0,0,0,0,0,3.52,1.24,63,0,68,1,13
Tanner Banks,pit,RP,0,0,0,0,0,0,0,0,3.8,1.25,62,0,60,0,12
Taijuan Walker,pit,SP,0,0,0,0,0,0,0,0,4.82,1.42,121.1,5,87,0,1
Brad Keller,pit,RP,0,0,0,0,0,0,0,0,3.98,1.35,68,0,61,2,16
Jonathan Bowlan,pit,SP,0,0,0,0,0,0,0,0,3.85,1.27,56,0,53,0,10
Jean Cabrera,pit,SP,0,0,0,0,0,0,0,0,4.89,1.47,18.1,1,13,0,0
Zach Pop,pit,RP,0,0,0,0,0,0,0,0,4.18,1.4,52,0,41,0,7
Alan Rangel,pit,SP,0,0,0,0,0,0,0,0,4.76,1.35,29.1,1,24,0,1
Tucker Davidson,pit,SP,0,0,0,0,0,0,0,0,4.28,1.38,10,0,8,0,1
Yoniel Curet,pit,SP,0,0,0,0,0,0,0,0,4.73,1.46,17.1,1,16,0,1
Zach McCambley,pit,RP,0,0,0,0,0,0,0,0,4.31,1.41,48,0,44,0,4
Kyle Backhus,pit,RP,0,0,0,0,0,0,0,0,4.14,1.37,20,0,18,0,1
Nolan Hoffman,pit,SP,0,0,0,0,0,0,0,0,4.23,1.42,16,0,14,0,1
Chase Shugart,pit,RP,0,0,0,0,0,0,0,0,4.55,1.39,42,0,35,0,1
Génesis Cabrera,pit,RP,0,0,0,0,0,0,0,0,4.38,1.39,31,0,28,0,1
Max Lazar,pit,RP,0,0,0,0,0,0,0,0,4.44,1.37,38,0,30,0,1
Seth Johnson,pit,SP,0,0,0,0,0,0,0,0,4.79,1.47,33.1,1,28,0,1
Paul Skenes,pit,SP,0,0,0,0,0,0,0,0,2.92,1.08,194,21,237,0,0
Mitch Keller,pit,SP,0,0,0,0,0,0,0,0,4.35,1.32,179.2,15,156,0,0
Bubba Chandler,pit,SP,0,0,0,0,0,0,0,0,4.3,1.36,162.1,12,148,0,1
Braxton Ashcraft,pit,SP,0,0,0,0,0,0,0,0,4.08,1.33,145.1,10,124,0,1
Jared Jones,pit,SP,0,0,0,0,0,0,0,0,3.86,1.25,91.2,8,96,0,0
Hunter Barco,pit,SP,0,0,0,0,0,0,0,0,4.18,1.39,116.1,7,102,0,1
Carmen Mlodzinski,pit,RP,0,0,0,0,0,0,0,0,4.12,1.36,76.1,4,66,0,1
Gregory Soto,pit,RP,0,0,0,0,0,0,0,0,3.57,1.29,61,0,66,4,14
Dennis Santana,pit,RP,0,0,0,0,0,0,0,0,4.03,1.32,68,0,64,26,5
Justin Lawrence,pit,RP,0,0,0,0,0,0,0,0,3.94,1.39,58,0,57,1,12
Mason Montgomery,pit,RP,0,0,0,0,0,0,0,0,3.89,1.31,60,0,61,2,12
Evan Sisk,pit,RP,0,0,0,0,0,0,0,0,3.81,1.39,52,0,47,0,7
Kyle Nicolas,pit,RP,0,0,0,0,0,0,0,0,4.07,1.39,56,0,56,0,10
Yohan Ramírez,pit,RP,0,0,0,0,0,0,0,0,3.99,1.35,50,0,48,0,4
Isaac Mattson,pit,RP,0,0,0,0,0,0,0,0,4.43,1.4,64,0,59,2,13
Thomas Harrington,pit,SP,0,0,0,0,0,0,0,0,4.72,1.35,28.1,1,22,0,1
Sean Sullivan,pit,SP,0,0,0,0,0,0,0,0,5.18,1.49,9.1,1,6,0,0
Noah Davis,pit,RP,0,0,0,0,0,0,0,0,4.39,1.39,8,0,7,0,1
Wilber Dotel,pit,RP,0,0,0,0,0,0,0,0,4.83,1.45,34.1,1,27,0,1
Chris Devenski,pit,RP,0,0,0,0,0,0,0,0,4.55,1.37,30,0,25,0,1
Ryan Harbin,pit,RP,0,0,0,0,0,0,0,0,4.38,1.53,40,0,36,0,1
Jaden Woods,pit,SP,0,0,0,0,0,0,0,0,4.53,1.49,18,0,15,0,1
Cam Sanders,pit,RP,0,0,0,0,0,0,0,0,4.66,1.54,34,0,31,0,1
Joe La Sorsa,pit,RP,0,0,0,0,0,0,0,0,4.73,1.47,14,0,9,0,1
Brandan Bidois,pit,RP,0,0,0,0,0,0,0,0,4.65,1.48,42,0,38,0,1
Michael King,pit,SP,0,0,0,0,0,0,0,0,3.8,1.25,175.2,16,182,0,0
Nick Pivetta,pit,SP,0,0,0,0,0,0,0,0,3.96,1.2,183.2,16,202,0,0
Joe Musgrove,pit,SP,0,0,0,0,0,0,0,0,3.9,1.21,159,14,150,0,0
Mason Miller,pit,CP,0,0,0,0,0,0,0,0,2.39,1,66,0,104,32,2
Jeremiah Estrada,pit,RP,0,0,0,0,0,0,0,0,3.21,1.16,70,0,92,1,18
JP Sears,pit,SP,0,0,0,0,0,0,0,0,4.64,1.29,132,8,112,0,1
Adrian Morejon,pit,RP,0,0,0,0,0,0,0,0,3.35,1.21,68,0,70,3,14
Randy Vásquez,pit,SP,0,0,0,0,0,0,0,0,4.95,1.44,146.2,9,100,0,0
Jason Adam,pit,RP,0,0,0,0,0,0,0,0,3.64,1.22,51,0,56,0,7
Kyle Hart,pit,SP,0,0,0,0,0,0,0,0,4.4,1.37,66.2,3,54,0,1
Wandy Peralta,pit,RP,0,0,0,0,0,0,0,0,3.67,1.36,59,0,53,0,12
Matt Waldron,pit,SP,0,0,0,0,0,0,0,0,4.72,1.35,36.1,3,28,0,0
Bryan Hoeing,pit,RP,0,0,0,0,0,0,0,0,4.18,1.35,35,1,29,0,1
Jhony Brito,pit,SP,0,0,0,0,0,0,0,0,4.02,1.31,24,0,21,0,1
Bradgley Rodriguez,pit,RP,0,0,0,0,0,0,0,0,4.19,1.42,50,0,46,0,4
Yuki Matsui,pit,RP,0,0,0,0,0,0,0,0,4.05,1.35,53,0,54,0,10
David Morgan,pit,RP,0,0,0,0,0,0,0,0,4.05,1.35,62,0,60,0,14
Ron Marinaccio,pit,RP,0,0,0,0,0,0,0,0,4.34,1.39,46,0,43,0,1
Jackson Wolf,pit,SP,0,0,0,0,0,0,0,0,4.03,1.29,12,0,10,0,1
Jagger Haynes,pit,SP,0,0,0,0,0,0,0,0,4.97,1.57,18.1,1,14,0,0
Garrett Hawkins,pit,RP,0,0,0,0,0,0,0,0,4.22,1.35,28,0,27,0,1
Francis Pena,pit,RP,0,0,0,0,0,0,0,0,4.23,1.44,16,0,13,0,1
Daison Acosta,pit,RP,0,0,0,0,0,0,0,0,4.25,1.4,18,0,17,0,1
Ty Adcock,pit,RP,0,0,0,0,0,0,0,0,4.24,1.34,39,0,36,0,1
Alek Jacob,pit,RP,0,0,0,0,0,0,0,0,4.66,1.42,33,0,28,0,1
Triston McKenzie,pit,SP,0,0,0,0,0,0,0,0,4.94,1.46,32,1,29,0,1
Bryan Woo,pit,SP,0,0,0,0,0,0,0,0,3.59,1.13,195,19,196,0,0
Logan Gilbert,pit,SP,0,0,0,0,0,0,0,0,3.39,1.1,166.1,16,182,0,0
George Kirby,pit,SP,0,0,0,0,0,0,0,0,3.5,1.12,178.1,17,174,0,0
Luis Castillo,pit,SP,0,0,0,0,0,0,0,0,3.86,1.22,181.1,16,172,0,0
Bryce Miller,pit,SP,0,0,0,0,0,0,0,0,4.19,1.27,143.1,11,128,0,0
Andrés Muñoz,pit,RP,0,0,0,0,0,0,0,0,2.91,1.17,64,0,81,28,3
Matt Brash,pit,RP,0,0,0,0,0,0,0,0,3.04,1.19,63,0,75,3,12
Jose A. Ferrer,pit,RP,0,0,0,0,0,0,0,0,3.1,1.2,70,0,68,3,16
Gabe Speier,pit,RP,0,0,0,0,0,0,0,0,3.21,1.13,58,0,66,0,12
Eduard Bazardo,pit,RP,0,0,0,0,0,0,0,0,3.7,1.23,68,0,70,1,14
Logan Evans,pit,SP,0,0,0,0,0,0,0,0,4.26,1.34,62,3,49,0,1
Emerson Hancock,pit,SP,0,0,0,0,0,0,0,0,4.13,1.3,59.2,1,49,0,1
Jhonathan Díaz,pit,RP,0,0,0,0,0,0,0,0,3.72,1.26,27.1,1,20,0,1
Yosver Zulueta,pit,RP,0,0,0,0,0,0,0,0,3.58,1.35,22,0,22,0,1
Randy Dobnak,pit,SP,0,0,0,0,0,0,0,0,4.16,1.38,21.1,1,16,0,1
Carlos Vargas,pit,RP,0,0,0,0,0,0,0,0,3.83,1.33,56,0,46,0,10
Alex Hoppe,pit,SP,0,0,0,0,0,0,0,0,4.01,1.41,16,0,14,0,1
Casey Legumina,pit,RP,0,0,0,0,0,0,0,0,4.02,1.32,50,0,47,0,4
Troy Taylor,pit,RP,0,0,0,0,0,0,0,0,4.07,1.38,40,0,36,0,1
Blas Castaño,pit,RP,0,0,0,0,0,0,0,0,4.1,1.32,10,0,7,0,1
Jackson Kowar,pit,SP,0,0,0,0,0,0,0,0,4.17,1.38,54,0,52,0,7
Cole Wilcox,pit,SP,0,0,0,0,0,0,0,0,3.93,1.33,28,0,22,0,1
Domingo Gonzalez,pit,RP,0,0,0,0,0,0,0,0,4.16,1.35,14,0,13,0,1
Robinson Ortiz,pit,RP,0,0,0,0,0,0,0,0,3.96,1.4,34,0,31,0,1
Ryan Loutos,pit,RP,0,0,0,0,0,0,0,0,4.26,1.39,24,0,20,0,1
Logan Webb,pit,SP,0,0,0,0,0,0,0,0,3.32,1.21,199.1,21,187,0,0
Robbie Ray,pit,SP,0,0,0,0,0,0,0,0,4.2,1.31,179.2,15,187,0,0
Tyler Mahle,pit,SP,0,0,0,0,0,0,0,0,4.17,1.3,148,12,126,0,0
Landen Roupp,pit,SP,0,0,0,0,0,0,0,0,4.1,1.36,132,9,122,0,1
Adrian Houser,pit,SP,0,0,0,0,0,0,0,0,4.33,1.4,147.1,12,107,0,0
Ryan Walker,pit,RP,0,0,0,0,0,0,0,0,3.3,1.19,63,0,68,30,4
Sam Hentges,pit,RP,0,0,0,0,0,0,0,0,3.34,1.24,54,0,56,0,7
Trevor McDonald,pit,SP,0,0,0,0,0,0,0,0,4.09,1.36,60.1,4,46,0,1
Hayden Birdsong,pit,SP,0,0,0,0,0,0,0,0,4.36,1.4,60.2,3,61,0,1
Erik Miller,pit,RP,0,0,0,0,0,0,0,0,3.45,1.34,61,0,70,2,13
Jason Foley,pit,RP,0,0,0,0,0,0,0,0,3.65,1.28,34,0,30,0,1
Keaton Winn,pit,SP,0,0,0,0,0,0,0,0,3.62,1.24,28,0,26,0,1
Carson Whisenhunt,pit,SP,0,0,0,0,0,0,0,0,4.14,1.35,30,1,25,0,1
Matt Gage,pit,RP,0,0,0,0,0,0,0,0,3.81,1.34,56,0,49,0,10
Kai-Wei Teng,pit,SP,0,0,0,0,0,0,0,0,4.13,1.35,33.1,1,32,0,1
Blade Tidwell,pit,SP,0,0,0,0,0,0,0,0,4.17,1.33,30,1,27,0,1
JT Brubaker,pit,SP,0,0,0,0,0,0,0,0,4.07,1.33,53,0,47,0,5
Gregory Santos,pit,RP,0,0,0,0,0,0,0,0,3.72,1.36,24,0,23,0,1
Carson Seymour,pit,SP,0,0,0,0,0,0,0,0,3.74,1.3,20,0,18,0,1
Scott Alexander,pit,RP,0,0,0,0,0,0,0,0,4.04,1.41,35,0,26,0,0
Tristan Beck,pit,SP,0,0,0,0,0,0,0,0,4.08,1.3,40,0,35,0,1
José Buttó,pit,SP,0,0,0,0,0,0,0,0,3.98,1.34,62,0,58,1,16
Reggie Crawford,pit,SP,0,0,0,0,0,0,0,0,3.88,1.35,8,0,8,0,1
Spencer Bivens,pit,RP,0,0,0,0,0,0,0,0,4.13,1.36,70,0,53,1,14
Reiver Sanmartin,pit,RP,0,0,0,0,0,0,0,0,3.96,1.4,44,0,32,0,1
Joel Peguero,pit,RP,0,0,0,0,0,0,0,0,4.4,1.43,64,0,51,5,12
Dustin May,pit,SP,0,0,0,0,0,0,0,0,4.2,1.34,152.2,11,141,0,1
Michael McGreevy,pit,SP,0,0,0,0,0,0,0,0,4.05,1.31,148.2,12,101,0,1
Andre Pallante,pit,SP,0,0,0,0,0,0,0,0,4.21,1.45,148,12,103,0,0
Matthew Liberatore,pit,SP,0,0,0,0,0,0,0,0,4.33,1.35,157.1,12,130,0,0
Kyle Leahy,pit,RP,0,0,0,0,0,0,0,0,4.35,1.4,128.1,8,100,0,1
Hunter Dobbins,pit,SP,0,0,0,0,0,0,0,0,4.36,1.37,98.1,6,72,0,1
Richard Fitts,pit,SP,0,0,0,0,0,0,0,0,4.44,1.36,109,6,82,0,1
Riley O'Brien,pit,RP,0,0,0,0,0,0,0,0,3.54,1.32,63,0,64,16,9
Quinn Mathews,pit,SP,0,0,0,0,0,0,0,0,4.26,1.46,46.1,4,39,0,0
JoJo Romero,pit,RP,0,0,0,0,0,0,0,0,3.57,1.33,64,0,61,14,9
Matt Svanson,pit,RP,0,0,0,0,0,0,0,0,3.84,1.34,65,0,59,6,15
Ryne Stanek,pit,RP,0,0,0,0,0,0,0,0,4.01,1.33,59,0,61,2,12
Ryan Fernandez,pit,RP,0,0,0,0,0,0,0,0,3.9,1.34,57,0,57,0,12
Tink Hence,pit,SP,0,0,0,0,0,0,0,0,4.46,1.39,9.1,1,7,0,0
Nick Raquet,pit,RP,0,0,0,0,0,0,0,0,4.07,1.37,38,0,29,0,1
Pete Hansen,pit,SP,0,0,0,0,0,0,0,0,4.51,1.41,9.1,1,6,0,0
Brycen Mautz,pit,RP,0,0,0,0,0,0,0,0,3.8,1.28,16,0,14,0,1
Justin Bruihl,pit,RP,0,0,0,0,0,0,0,0,3.89,1.37,50,0,42,0,5
Chris Roycroft,pit,RP,0,0,0,0,0,0,0,0,4.1,1.44,44,0,35,0,1
Gordon Graceffo,pit,SP,0,0,0,0,0,0,0,0,4.06,1.32,60,0,48,0,11
Andre Granillo,pit,RP,0,0,0,0,0,0,0,0,4.36,1.38,40,0,37,0,1
Scott Blewett,pit,RP,0,0,0,0,0,0,0,0,4.36,1.38,24,0,18,0,1
Matt Pushard,pit,RP,0,0,0,0,0,0,0,0,4.27,1.36,52,0,44,0,7
Austin Love,pit,RP,0,0,0,0,0,0,0,0,4.51,1.43,32,0,27,0,1
Shane McClanahan,pit,SP,0,0,0,0,0,0,0,0,3.57,1.2,142.1,14,154,0,0
Drew Rasmussen,pit,SP,0,0,0,0,0,0,0,0,3.92,1.26,171,15,156,0,0
Ryan Pepiot,pit,SP,0,0,0,0,0,0,0,0,4.26,1.3,174.2,14,179,0,0
Steven Matz,pit,SP,0,0,0,0,0,0,0,0,4.29,1.31,137.2,10,113,0,1
Griffin Jax,pit,RP,0,0,0,0,0,0,0,0,3.13,1.13,67,0,82,12,10
Joe Boyle,pit,SP,0,0,0,0,0,0,0,0,4.25,1.42,104.2,7,112,0,1
Ian Seymour,pit,SP,0,0,0,0,0,0,0,0,4.35,1.3,109.1,7,99,0,1
Garrett Cleavinger,pit,RP,0,0,0,0,0,0,0,0,3.43,1.21,66,0,82,8,13
Bryan Baker,pit,RP,0,0,0,0,0,0,0,0,3.87,1.26,63,0,69,3,12
Edwin Uceta,pit,RP,0,0,0,0,0,0,0,0,3.86,1.23,70,0,79,12,12
Ty Johnson,pit,RP,0,0,0,0,0,0,0,0,4.46,1.34,27.2,2,26,0,0
Yoendrys Gómez,pit,SP,0,0,0,0,0,0,0,0,4.63,1.38,85,3,81,0,1
Kevin Kelly,pit,RP,0,0,0,0,0,0,0,0,4.05,1.29,44,0,38,0,1
Mason Englert,pit,SP,0,0,0,0,0,0,0,0,4.24,1.31,60,0,54,1,12
Manuel Rodríguez,pit,RP,0,0,0,0,0,0,0,0,3.84,1.31,16,0,15,0,1
Joe Rock,pit,SP,0,0,0,0,0,0,0,0,4.15,1.33,35.1,1,28,0,1
Evan Reifert,pit,RP,0,0,0,0,0,0,0,0,4.03,1.38,22,0,23,0,1
Jesse Scholtens,pit,SP,0,0,0,0,0,0,0,0,4.15,1.28,34,0,30,0,1
Ken Waldichuk,pit,SP,0,0,0,0,0,0,0,0,4.65,1.43,32,1,30,0,1
Brody Hopkins,pit,SP,0,0,0,0,0,0,0,0,4.84,1.48,9.1,1,8,0,0
Cole Sulser,pit,RP,0,0,0,0,0,0,0,0,4.29,1.36,55,0,49,0,10
Hunter Bigge,pit,RP,0,0,0,0,0,0,0,0,4.39,1.37,46,0,46,0,4
Tommy McCollum,pit,RP,0,0,0,0,0,0,0,0,4.92,1.49,8,0,7,0,1
Steven Wilson,pit,RP,0,0,0,0,0,0,0,0,4.92,1.41,52,0,49,0,7
Luis Guerrero,pit,RP,0,0,0,0,0,0,0,0,5.09,1.55,30,0,26,0,1
Jacob deGrom,pit,SP,0,0,0,0,0,0,0,0,3.48,1.09,184.2,18,214,0,0
Nathan Eovaldi,pit,SP,0,0,0,0,0,0,0,0,3.6,1.19,174.2,17,171,0,0
Jack Leiter,pit,SP,0,0,0,0,0,0,0,0,4.46,1.36,161.2,12,156,0,0
Kumar Rocker,pit,SP,0,0,0,0,0,0,0,0,4.25,1.32,130.2,10,112,0,0
Cody Bradford,pit,SP,0,0,0,0,0,0,0,0,4.37,1.27,105.1,7,90,0,1
Jacob Latz,pit,SP,0,0,0,0,0,0,0,0,4.44,1.44,130.1,8,121,0,1
Chris Martin,pit,RP,0,0,0,0,0,0,0,0,3.39,1.15,54,0,55,4,12
Robert Garcia,pit,RP,0,0,0,0,0,0,0,0,3.48,1.24,64,0,70,20,6
Zak Kent,pit,SP,0,0,0,0,0,0,0,0,4.12,1.38,48,0,45,0,4
Michel Otañez,pit,RP,0,0,0,0,0,0,0,0,3.78,1.36,34,0,40,0,1
Jose Corniell,pit,SP,0,0,0,0,0,0,0,0,4.3,1.32,44.1,1,40,0,1
Tyler Alexander,pit,RP,0,0,0,0,0,0,0,0,4.5,1.32,83.2,1,67,0,14
Leandro Lopez,pit,RP,0,0,0,0,0,0,0,0,4.58,1.46,9.1,1,8,0,0
Dom Hamel,pit,SP,0,0,0,0,0,0,0,0,4.49,1.36,79.2,2,68,0,7
Peyton Gray,pit,RP,0,0,0,0,0,0,0,0,4.06,1.33,12,0,11,0,1
Winston Santos,pit,SP,0,0,0,0,0,0,0,0,4.05,1.27,10,0,9,0,1
Trey Supak,pit,SP,0,0,0,0,0,0,0,0,4.15,1.26,16,0,13,0,1
Luis Curvelo,pit,RP,0,0,0,0,0,0,0,0,4.5,1.39,40,0,35,0,1
Emiliano Teodo,pit,SP,0,0,0,0,0,0,0,0,4.29,1.46,28,0,27,0,1
Alexis Díaz,pit,CP,0,0,0,0,0,0,0,0,4.67,1.43,60,0,59,3,12
Cole Winn,pit,SP,0,0,0,0,0,0,0,0,4.4,1.41,63,0,56,6,11
Gavin Collyer,pit,RP,0,0,0,0,0,0,0,0,4.78,1.52,18,0,17,0,1
Carter Baumler,pit,SP,0,0,0,0,0,0,0,0,4.57,1.44,54,0,46,0,10
Robby Ahlstrom,pit,RP,0,0,0,0,0,0,0,0,4.64,1.5,32,0,27,0,1
Marc Church,pit,RP,0,0,0,0,0,0,0,0,4.63,1.47,44,0,40,0,1
Dylan Cease,pit,SP,0,0,0,0,0,0,0,0,3.61,1.22,185,17,216,0,0
Kevin Gausman,pit,SP,0,0,0,0,0,0,0,0,4.05,1.25,185.1,16,181,0,0
Shane Bieber,pit,SP,0,0,0,0,0,0,0,0,3.87,1.24,153,14,140,0,0
Cody Ponce,pit,RP,0,0,0,0,0,0,0,0,3.98,1.26,150.1,11,146,0,1
Trey Yesavage,pit,SP,0,0,0,0,0,0,0,0,3.82,1.28,146.2,12,162,0,1
José Berríos,pit,SP,0,0,0,0,0,0,0,0,4.36,1.32,129.2,8,113,0,1
Jeff Hoffman,pit,RP,0,0,0,0,0,0,0,0,3.47,1.18,63,0,76,26,4
Louis Varland,pit,SP,0,0,0,0,0,0,0,0,3.45,1.18,67,0,68,2,13
Yimi García,pit,RP,0,0,0,0,0,0,0,0,3.63,1.21,60,0,67,4,11
Ricky Tiedemann,pit,SP,0,0,0,0,0,0,0,0,4.03,1.36,41.2,2,43,0,1
Brendon Little,pit,RP,0,0,0,0,0,0,0,0,3.43,1.39,54,0,57,0,10
Tommy Nance,pit,RP,0,0,0,0,0,0,0,0,3.83,1.29,58,0,53,0,12
Bowden Francis,pit,SP,0,0,0,0,0,0,0,0,4.16,1.23,39,1,38,0,1
Eric Lauer,pit,SP,0,0,0,0,0,0,0,0,4.08,1.25,57,1,55,0,4
Braydon Fisher,pit,RP,0,0,0,0,0,0,0,0,4.05,1.33,52,0,57,0,7
Tyler Rogers,pit,RP,0,0,0,0,0,0,0,0,4.06,1.32,74,0,51,2,18
Yariel Rodríguez,pit,SP,0,0,0,0,0,0,0,0,3.97,1.33,36,0,37,0,1
Chase Lee,pit,RP,0,0,0,0,0,0,0,0,3.96,1.28,25,0,24,0,1
Nick Sandlin,pit,RP,0,0,0,0,0,0,0,0,4.28,1.37,38,0,37,0,0
Mason Fluharty,pit,RP,0,0,0,0,0,0,0,0,3.97,1.34,42,0,43,0,1
Jorge Alcala,pit,RP,0,0,0,0,0,0,0,0,4.15,1.32,16,0,17,0,1
Angel Bastardo,pit,RP,0,0,0,0,0,0,0,0,4.02,1.33,18,0,18,0,1
Adam Macko,pit,SP,0,0,0,0,0,0,0,0,4.13,1.34,8,0,7,0,1
Lazaro Estrada,pit,SP,0,0,0,0,0,0,0,0,4.19,1.25,23,0,21,0,1
Jake Bloss,pit,SP,0,0,0,0,0,0,0,0,4.39,1.35,12,0,11,0,1
MacKenzie Gore,pit,SP,0,0,0,0,0,0,0,0,3.76,1.25,175.2,16,193,0,0
Cade Cavalli,pit,SP,0,0,0,0,0,0,0,0,3.98,1.33,151.2,13,127,0,0
Foster Griffin,pit,SP,0,0,0,0,0,0,0,0,3.92,1.29,143.1,11,123,0,1
Brad Lord,pit,RP,0,0,0,0,0,0,0,0,4.29,1.38,155,10,120,0,1
Andrew Alvarez,pit,SP,0,0,0,0,0,0,0,0,4.1,1.4,99.1,5,72,0,1
Jake Irvin,pit,SP,0,0,0,0,0,0,0,0,4.59,1.36,96.1,6,75,0,1
Mitchell Parker,pit,SP,0,0,0,0,0,0,0,0,4.33,1.33,81.1,2,65,0,1
Julian Fernández,pit,RP,0,0,0,0,0,0,0,0,3.71,1.25,59,0,61,2,12
Clayton Beeter,pit,RP,0,0,0,0,0,0,0,0,3.78,1.34,63,0,70,16,9
Josiah Gray,pit,SP,0,0,0,0,0,0,0,0,5.11,1.43,118,7,99,0,0
DJ Herz,pit,SP,0,0,0,0,0,0,0,0,3.48,1.23,22,0,26,0,1
PJ Poulin,pit,RP,0,0,0,0,0,0,0,0,3.89,1.35,61,0,56,2,15
Luis Perales,pit,SP,0,0,0,0,0,0,0,0,4.19,1.37,33.1,1,32,0,1
Jackson Rutledge,pit,SP,0,0,0,0,0,0,0,0,4.27,1.33,55,0,48,0,10
Griff McGarry,pit,RP,0,0,0,0,0,0,0,0,4.05,1.41,52,0,55,0,7
Paxton Schultz,pit,SP,0,0,0,0,0,0,0,0,4.29,1.33,48,0,43,0,4
Trevor Williams,pit,SP,0,0,0,0,0,0,0,0,4.08,1.25,18,0,16,0,1
Konnor Pilkington,pit,SP,0,0,0,0,0,0,0,0,4.04,1.4,57,0,55,1,11
Jake Eder,pit,SP,0,0,0,0,0,0,0,0,4.3,1.36,30,0,24,0,1
Shinnosuke Ogasawara,pit,SP,0,0,0,0,0,0,0,0,4.21,1.33,10,0,7,0,1
Riley Cornelio,pit,RP,0,0,0,0,0,0,0,0,4.99,1.49,26.1,1,19,0,1
Marquis Grissom Jr.,pit,RP,0,0,0,0,0,0,0,0,4.77,1.44,12,0,9,0,1
Orlando Ribalta,pit,SP,0,0,0,0,0,0,0,0,4.64,1.45,42,0,37,0,1
Cole Henry,pit,SP,0,0,0,0,0,0,0,0,4.7,1.46,64,0,59,16,8
Andry Lara,pit,SP,0,0,0,0,0,0,0,0,4.6,1.43,40,0,29,0,1